:1000000028150020F1010000F9010000FB010000AB

:1000100000000000000000000000000000000000E0

:10002000000000000000000000000000FD010000D2

:100030000000000000000000FF01000001020000BD

:100040000000000079040000030200000302000029

:100050009904000065040000E5040000FD040000B0

:10006000C9050000D9050000B1040000FD0500002D

:10007000030200008903000095040000E50600006B

:100080008503000031060000ED03000007040000B6

:100090001F0400003B0400000302000000000000F9

:1000A0000000000000000000000000000000000050

:1000B0000000000000000000000000000000000040

:1000C000044885460BF00AFE00480047690200001C

:1000D000C046C0462815002070B5374A10690F2168

:1000E00009028843106134498031086B0002FCD555

:1000F000334E32487310334C334DB04208DC001994

:1001000011D0401911D06B10D8420AD12F4B0DE0FD

:10011000581927D0001927D02D4BD84201D12D4B8B

:1001200004E02D4B02E02D4B00E02D4B0B60224BE9

:100130001069D0330124A402204310611069A41077

:1001400020431061186822049043020202D42D2239

:10015000520410434322520610431860086B4002B9

:10016000FCD570BD1F4BE1E71F4BDFE710B5124810

:100170000069C1B21148491C0BF020FD1B49086001

:1001800010BD10B50C4900280ED002280CD089698A

:10019000C1400BD001290BD002290BD008211348F4

:1001A00000680BF00BFD10BDC969F1E70121F6E70E

:1001B0000221F4E70421F2E700000150006CDC02A8

:1001C0000048E80100E548FF00F7C2FFB10802F06F

:1001D00000DC0BFFB10308F0B10608F0B10C02F02F

:1001E000B10C08F0B10402F0B10408F000000020E6

:1001F0000448804704480047FEE7FEE7FEE7FEE7C5

:10020000FEE7FEE7D9000000C10000004448006896

:10021000052806D300F0A5FD0146424A42A00BF096

:10022000ABFD484C7D25ED00206805F0B3FE0028AD

:1002300003D0284605F092FE20600AF0C3FF0BF0C1

:100240008CF80BF083FC0BF07AF90AF0F3FE0AF05D

:1002500063FA0BF0ADFA0BF05DFA0BF023FC0BF038

:100260001BFB0BF049FADFE7FFF780FF00F072FDA0

:100270000BF008FC2A4D2868052807D300F071FD13

:10028000284A0146093230A00BF076FD00F0E2FC6E

:1002900000F01DF82868052807D300F062FD214A08

:1002A00001461F3228A00BF067FD00F0A5FC0BF003

:1002B00027FA012428686407052806D300F051FDB9

:1002C0002278014627A00BF057FDFFF79FFF08B5E6

:1002D00013480068052807D300F043FD114A014682

:1002E000153219A00BF048FD0AF0D6FE0AF03EFFC9

:1002F0000AF0EDFF0BF0ECFB0BF0FDF80AF0F7F95C

:1003000008480221801E0068009068460AF011FA31

:100310000BF02BFA0AF011FD0BF0A7FA08BD000054

:100320003C00002096C200001B5B313B33376D5B05

:1003300025735D20286D61696E29205B25735D0D35

:100340000A000000040000201B5B313B33376D5B6B

:1003500025735D20286D61696E29205B25735D0D15

:100360000A0000001B5B313B33376D5B25735D205A

:10037000286D61696E29202074657374205B257572

:100380005D0D0A007047000010B5164AD0680221C2

:1003900083071548002B06DAD3680B43D360036844

:1003A000012423430360D3699B0705D5D3690B431D

:1003B000D36103680B430360D36A9B0706D5D36AF6

:1003C0000B43D3620368042423430360D36B9B076E

:1003D00006D5D36B0B43D363016808221143016038

:1003E00010BD0000800010400800002010B505215D

:1003F00009074A6A1748026002688A620168002099

:1004000001F0D4FC10BD10B513494A6A114842608E

:1004100042688A624168012001F0C8FC10BD10B535

:100420000E494A6A0B48826082688A6281680220AB

:1004300001F0BCFC06F0C1FE10BD10B508494A6AC7

:100440000448C260C2688A62C168032001F0AEFC41

:1004500010BD000038010020004000500080005016

:1004600000C00050012189074A6808484260022202

:100470008A6101210170704705494A68034882601A

:1004800002228A6101214170704700000C000020A7

:10049000004002407047000003480168491C0160A9

:1004A00002488168C1607047180000204080054004

:1004B00010B50949C86840070CD508480268142AD5

:1004C00003D28A68064B04681A550268521C0260FF

:1004D0000220086210BD0000000004401C00002043

:1004E0004801002010B53549FF20086034480168F4

:1004F000491C0160002001F0D7FC10BD10B506F0CA

:10050000DBFD10BD416802221143416041680122B8

:1005100011434160704702214160704710B50724C4

:10052000002300290BD0012904D0022904D003297B

:1005300004D004E0032302E0062300E009239A40EC

:1005400041699C40A1431143416110BDF8B5044687

:100550001A481F4616460D46844201D11C2000E071

:100560001E20FFF70EFE17490BF028FB78430A21E7

:100570000BF024FB00212161002D06D0012D06D0B7

:10058000022D06D0032D06D006E0A06104E0E06154

:1005900002E0206200E06062324629462046FFF712

:1005A000BDFF606802210843606060680121084364

:1005B0006060F8BD0022B1E70322AFE700C0004051

:1005C00020000020A086010007480168491C016046

:1005D0000649FF200860704703484168491C416094

:1005E0000349FF20086070472400002000400140BC

:1005F00000800140C2688A43C260704710B5334C26

:10060000606AC0070CD032484168002902D02068D7

:10061000C0B288472068C1B2002001F087FC10BD3D

:10062000606A4006FBD5E16802208143E16010BDAD

:1006300010B5284C606AC0070CD025488168002995

:1006400002D02068C0B288472068C1B2012001F002

:100650006DFC10BD606A4006FBD5E1680220814355

:10066000E16010BDC1607047F8B504461748184EE8

:1006700015460F46844204D11020FFF782FD7560B5

:1006800003E01620FFF77DFDB56039460BF096FAC2

:10069000A06003202062F8BD70B500230125044648

:1006A000AD0609E0C85C20602846666A760602D47A

:1006B000401EFAD170BD5B1C9342F3D3104670BD4F

:1006C00010B5C0B206F0AFFA012010BD00800040A6

:1006D0002C000020000003402548816801221143BE

:1006E0008160704710B502F0F3FEFFF7F5FF10BD13

:1006F0001F49204808607047F0B51D4B1E4C1C6018

:1007000000245C60022900D2022102240F25000788

:100710003F272D02000D3F04A603012A17D0174AD8

:100720001660BFF34F8FBFF36F8F5A68A2435A60B2

:100730005A68AA4302435A6058688906B843890A2E

:10074000084358605968012001435960F0BD5A6858

:1007500022435A605A68AA4302435A60586889067D

:10076000B843890A08435860044880380660E9E7BE

:1007700000400040A55A00003CC3966980E100E0BB

:100780002A49294A0A60486027484038C8602848F2

:1007900002E0CA68D20704D0401EFAD20020C0434B

:1007A000704700207047214980314A6892089200C2

:1007B000012803D0002002434A6070470220FAE774

:1007C0000B4610B5014618460EF01AFC10BD18482D

:1007D000164902E0CA68D20703D0401EFAD20020B0

:1007E00070470120704770B50C460F490F4D2039F6

:1007F0001646296068600023B34214D261782078DD

:1008000009020818A17809040818E17809060818EF

:10081000A86005484038E860241DFFF7D8FF00288D

:1008200001D01B1DE8E770BD410000E800C0034097

:10083000FFFFFF00F8B51E4615460F46040018D00E

:10084000002F16D02C210BF0D6F9A0780007000F4E

:100850008030A070A760E078002D0BD04006400EDD

:10086000BF210840E907490E0843C0082671C000AF

:10087000E070F8BD80210843F2E7002804D0072982

:1008800002D289000818C260704770B50446A1689A

:10089000007988470146E078420702D02288521C3E

:1008A0002280C309C7228B420FD00623D8410123DF

:1008B0005B07C0181A23D84183065B0FE070022B38

:1008C00005D34006400EC90108431040E070C0B295

:1008D0004107490F00250B000BF07AFA050421436C

:1008E0007F9EB600C1094006C00F8142A07811D199

:1008F0000007000FA070E168002901D0204688475A

:100900002580A07800090001401CA070E0787FE0FD

:10091000E07070BD0007000F8030A07070BDC1098D

:100920004006C00F81420AD0A0780007000F1030A7

:10093000A0702169002962D0204688475FE02088A6

:100940006428EBD9A0780007000F5030A070216A0E

:10095000002901D020468847E078C008C000001D6B

:10096000D6E7C1094006C00F81421FD1A078000719

:10097000000FA070E168002901D020468847A078C8

:100980000107090F0F2906D20421C8418906401822

:100990001C21C841A0706169002901D02046884708

:1009A0002580E078C008C000C01CB1E720880A2874

:1009B000B4D9A0780007000F012802D0022804D083

:1009C00041E03030A070A16902E04030A070E169E0

:1009D000002938D02046884735E04206C109D20FA9

:1009E000914212D0A0780007000F1030A07021694A

:1009F000002901D02046884720880A2823D2258054

:100A0000E078C008C000801C82E721880A2985D9C7

:100A1000C008C000401C7BE7C1094006C00F8142EE

:100A2000A0780AD10007000F6030A070616A002929

:100A300000D173E72046884770BD0007000F1030D3

:100A4000A0702169C4E7E078C008C00060E7002812

:100A500003D0174B19680A4608E00120C0437047CD

:100A6000814202D10020C0437047896A0029F7D132

:100A70008262186000207047002807D00C4A08E006

:100A8000814204D1886A10600020886270470A465B

:100A9000283211680029F3D1704710B50448046862

:100AA00003E02046FFF7F1FEA46A002CF9D110BD47

:100AB000380000200023436083600160D108C90032

:100AC000C160704710B5044600F084F8002808D0D3

:100AD000012807D0A068410860684008814203D916

:100AE000081A10BDE06810BDE268401A101A10BD67

:100AF00070B515460E460446FFF7E4FFE168081A94

:100B00002ED0A84200D20546A06840080A1A2168E3

:100B1000AA420BD908182A4631460EF071FAA0688D

:100B2000C1074008C90F4019400016E008183146B7

:100B30000EF066FAA168E0684908401A2A1A81197D

:100B400020680EF05DFAA068012148404208E16883

:100B5000C007891A691A4900C00F01432846A160DD

:100B600070BD70B515460E460446FFF7ABFF002872

:100B70002FD0A84200D205466068E16840080A1AF2

:100B80002168AA420BD909182A4630460EF038FAD5

:100B90006068C1074008C90F4019400016E00918F5

:100BA00030460EF02DFA6168E0684908401A2A1AAA

:100BB000801921680EF024FA60680121484042083B

:100BC000E168C007891A691A4900C00F0143284625

:100BD000616070BD416880684A0843089A4209D143

:100BE000C907C007C90FC00F814201D1002070475B

:100BF000012070470220704710B50648006805289C

:100C000007D300F0AEF801460123034A03480BF076

:100C1000B3F810BD3C00002039300000CCC7000004

:100C2000002206E00021491C89B20629FBD3521C90

:100C300092B28242F6D3704730B500237D25044638

:100C4000ED0004E02846FFF7EBFF5B1C9BB2A342DC

:100C5000F8D330BD0148892101607047C0000150C0

:100C6000F8B50C46254916460968884245D824A19E

:100C700003000BF0ADF8060D0406080A0C0D22A1C6

:100C800006E023A104E024A102E025A100E026A1C2

:100C900027A00BF071F800F064F8014625A00BF0D6

:100CA0006BF800252F4621E0217824A00BF064F892

:100CB000641C6D1C402D18D322A00BF05DF800259C

:100CC000403C2178084620385E2803D81EA00BF04F

:100CD00053F802E01DA00BF04FF8641C6D1C402D72

:100CE000EFD300251AA00BF047F87F1CB742DBD3E7

:100CF000002D02D016A00BF03FF8F8BD3C000020FC

:100D00001B5B306D000000001B5B313B33356D0019

:100D10001B5B313B33316D001B5B313B33336D006B

:100D20001B5B313B33326D001B5B313B33376D0056

:100D3000257300005B25735D000000002025303224

:100D400058000000207C2000256300002E000000D9

:100D50000D0A000010B508490520086005F056FF8F

:100D600010BD10B505F03BF9034604A20C21044860

:100D70000BF012F8024810BD3C000020256C7500F5

:100D80005C01002075214902124A10B5411A9142B6

:100D900002D31149884201D3FFF7F2FC10BD10B510

:100DA00075235B020B4CC31AA34202D30A4B984231

:100DB00001D3FFF705FD10BD10B575235B02054C8F

:100DC000C31AA34202D3044B984201D3FFF70BFD91

:100DD00010BD0000FF050000100410000100FA48DB

:100DE00006D0012905D0022905D0032900D1F748F2

:100DF0007047F7487047F7487047014600B5012033

:100E00000B000AF0E5FF100A090B0D0F111315175F

:100E10001A1D202326292C0A022000BD042000BD13

:100E2000082000BD102000BD202000BD402000BDD6

:100E3000802000BDFF20013000BD0120400200BD28

:100E40000120800200BD0120C00200BD012000037E

:100E500000BD0120400300BD0120800300BD012032

:100E6000C00300BDF0B50E460024032513000AF0B0

:100E7000AFFF05201F0406082000022519E0012508

:100E800017E0032804D000280BD002280DD010E072

:100E9000012E02D0002E02D00BE00D2408E00C241D

:100EA00006E0032E05D10F2402E00B2E01D10E2403

:100EB0000025FFF793FF02463046FFF79EFFF0261E

:100EC000C14F33011901BA4274D1C70773D106E08B

:100ED000212C71D00A2C70D040E3D063F0E3870757

:100EE0006CD447071FD5012C69D051E1D06BB043BA

:100EF00010305AE3212C02D00A2C08D103E0D06B29

:100F0000B043203051E3D06BB04330304DE3D06B71

:100F1000B0434AE3D063F0E30A2C70D1D06B0321D5

:100F2000984309025FE3070710D5102C68D0142CF2

:100F3000FCD00A2C7AD00F2C79D01B2C78D0202C06

:100F400077D0D06B884361E340185FE3C7061DD5B7

:100F5000122C0BD0162C09D0212C0ED00A2C69D0C3

:100F6000D16B0F2000048143D163E7E3D06B0F21E5

:100F7000090488430121090477E3D16B0F200004A1

:100F8000814301204004E6E1D063D7E387061FD503

:100F9000132C08D0172C06D0212C11D00A2C6FD07E

:100FA000052C6ED06BE3D16B0F200005814301202F

:100FB00000050BE0D3E0D7E0BAE1DAE0E0E057E18A

:100FC000D16B0F200005814301204005081863E321

:100FD00047061FD5052C04D0212C09D0092C12D08E

:100FE00071E3D06B0F21090688430121090621E135

:100FF000D06B0F2109068843012149061AE1E0E27E

:1010000038E1D063AAE3D06B0F210906884303219E

:1010100009060FE1070610D5052C7BD0212C7AD0CC

:10102000092C79D0D06B00010009DEE124E16CE1EC

:10103000C3E15BE113E34018D7E1C70506D5082CEF

:101040006BD01F2C6AD0DAE1106497E3870510D5C6

:10105000082C02D01F2C04D007E0106CB0431030D5

:1010600005E0106CB043303001E0106CB043106408

:101070008CE3460508D5082C6FD01F2C6ED0F1E10B

:1010800033E1C0E0106489E303050AD5082C6ED073

:101090001F2C6DD001E0401801E0106C88431064F3

:1010A00084E3C10411D5072C75D01F2C04D0106C1B

:1010B0000F210904884306E0116C0F2000048143CE

:1010C000032000040818106478E3810413D5072C6A

:1010D00002D01F2C07D025E2116C0F2000058143A0

:1010E0000120000505E0116C0F200005814303205D

:1010F0000005081823E2410428D5072C0FD00B2C3B

:1011000014D0132C1BD0172C19D0106C0F210906EA

:10111000884312E009E109E1C1E174E178E1106C72

:101120000F21090688430121090605E0106C0F21F3

:101130000906884303210906401810644EE3106C29

:101140000F210906884301218906F5E7000473D5BC

:10115000106C00010009106448E386E18AE11C4F2D

:10116000BA4273D1C70709D0062C67D0B0E69CE11C

:10117000A0E1D06B00090001C01CAEE6870703D5D3

:10118000062C00D0B6E6B1E6460705D5032C6FD095

:10119000212C6ED0C0E6ABE1030706D5032C69D045

:1011A000212C68D00A2C67D0CBE6C1061BD5042CB5

:1011B00012D0092C00D0D3E6D16B0F20000481435C

:1011C00003200004C7E000000000005000C00050F1

:1011D0000040005000800050D16B0F20000481437C

:1011E00001200004B7E0810614D5042C04D00A2C99

:1011F0007BD0222C07D042E2D06B0F210905884317

:101200000121090547E2D16B0F2000058143012030

:101210008005DBE6410612D5042C00D1E1E60A2C5C

:1012200000D1F0E6232C6FD1D06B0F210906884343

:10123000012189064018E4E66FE207E092E1010629

:1012400072D5012C71D01D2C70D0EBE6F84FBA424C

:101250006DD1C70704D01D2C6AD00E2C69D07DE15A

:1012600087070ED51E2C00D149E60F2C05D04EE67F

:10127000AAE181E0CCE19FE041E0D06BB043403097

:1012800093E147071BD5EB48242C016B0ED00426B5

:10129000B1430163102C6FD0142C6DD0202C00D1E1

:1012A0003CE60C2C06D01A2C67D08AE1042421439A

:1012B000016386E1D06B01219843890293E107071E

:1012C00028D5DC48242C036B15D00426B3430363D4

:1012D000112C71D0152C6FD0202C10D00D2C14D0C7

:1012E000192C6AD0182C01D02BE6D7E1D06B88439B

:1012F0000321490328E604242343036321E6D06B3A

:101300008843032109031FE6DDE1D06B88430121F7

:10131000890319E6C70620D5122C00D12DE6162C1C

:10132000FCD00B2C06D147E726E24CE0DFE108E1D8

:101330001DE121E1012C08D0182C00D010E6D16B62

:101340000F2000048143A00305E0D16B0F200004AF

:10135000814305200004081816E687060ED5B54817

:10136000252C04D0036B02218B43036387E1016BBF

:1013700002231943016382E12BE130E147060CD5DA

:10138000AC48252C04D0036B02218B4303639AE104

:10139000016B02231943016395E1070627D5132C3E

:1013A00011D0172C0FD0092C79D00B2C11D0012C77

:1013B00015D0182C02D035E62FE133E1D06B0001B7

:1013C0000009A10637E6D06B0121000100090907D9

:1013D00031E6D06B01210001000989072BE6D06BB3

:1013E00001010520090900070818D063BEE1C705FF

:1013F00013D5262C7BD0012C05D0182C08D0106CCE

:101400000009000120E6106C00090001401C1BE6E9

:10141000106C00090001C01C16E6870511D585482F

:10142000242C016B09D0082399430163012C00D1BE

:1014300013E6182C00D018E613E6082319430163BD

:1014400013E646051CD57B48242C016B07D00826E3

:10145000B1430163012C08D0182C0BD002E0082402

:1014600021430163106C98430CE6106C9843FF30E5

:10147000013007E6106C032198430902401801E689

:10148000030526D5112C10D0152C0ED00A2C11D006

:101490000E2C14D01C2C17D0202C01D0FDE520E1FF

:1014A000106C884303214903F5E5106C8843012142

:1014B0000903F0E5106C884303210903EBE5106C88

:1014C000884301218903E6E5106C8843052109035F

:1014D000E1E5C10422D5032C0AD0212C0FD00A2C1F

:1014E00014D0116C0F2000048143116466E145E1C2

:1014F000116C0F200004814301200004E2E5106C10

:101500000F21090488430121490405E0106C0F21D3

:1015100009048843032109044018D4E5810472D5E5

:101520001D2C05D0116C0F200005814311644DE185

:10153000106C0F21090588430121490540181064EA

:1015400044E13D4FBA4272D1C7071ED0012C09D0E9

:101550001D2C0CD00C2C0FD0272C12D0D06B0009D6

:101560000001BAE4D06B00090001401CB5E4D06B67

:1015700000090001801CB0E4D06B00090001001DCF

:10158000ABE4D06B0F210843A7E487070FD5012CEC

:1015900000D1ABE41E2C00D1B1E40D2C00D16CE6DF

:1015A000272C00D0B3E4D06B3043D063AFE04607C4

:1015B0001ED5022C08D01D2C0BD0192C0FD0272C97

:1015C00013D0D06B9843A5E4D06B9843FF30013023

:1015D000A0E4D06B9843FF30FF3002309AE4D06B28

:1015E000052198430902401894E4D06B184391E414

:1015F000030723D5022C0BD01D2C0ED01A2C11D092

:10160000272C01D09DE4E7E0D06B0843D0638EE047

:10161000D06B88430121090396E4D06B88430121F4

:10162000490391E4D06B8843052109038CE465E00C

:10163000008000508000015000C00050C10616D547

:101640001E2C00D199E4102C09D0142C07D0272C83

:1016500000D085E4D06B0F210904084394E4D06BDB

:101660000F21090488430321090440188CE48106F2

:101670001BD51D2C09D0112C10D0152C0ED0D16BE0

:101680000F2000058143D16360E0D06B0F21090575

:101690008843012149054018D06357E0D16B0F20E2

:1016A000000581430320000590E4410610D5022C7B

:1016B00000D196E41D2C00D19AE4122C01D1A2E4B1

:1016C0001EE0162CFBD0D06B0F210906884398E44E

:1016D000010651D51E2C0AD0132C02D0172C00D095

:1016E000A0E4D06B0321000100090907A3E4D06B3B

:1016F00001210001000949079DE411E0C10704D060

:10170000906880088000284306E0810706D590682D

:101710000C218843A9006DE09060F0BD410704D51D

:10172000906830218843290164E0010704D590685E

:10173000C0218843A9015DE0C10605D59068032159

:1017400009028843290255E0810605D590680321E6

:1017500089028843A9024DE0410605D5906803211E

:1017600009038843290345E0010605D59068032154

:1017700089038843A9033DE0C10505D5906803218D

:1017800009048843290435E0810505D590680321C3

:1017900089048843A9042DE0410505D590680321FB

:1017A00009058843290525E0010505D59068032131

:1017B00089058843A9051DE0C10405D5906803216A

:1017C00009068843290615E0810405D590680321A0

:1017D00089068843A9060DE0410405D590680321D8

:1017E00009078843290705E0000496D59068800022

:1017F0008008A90708438FE710B5FFF733FB10BD3A

:1018000010B50B46FFF7EAFA04461846FFF7F5FA5B

:101810002168002A01D0014300E08143216010BD0E

:1018200000B50B46FFF7DAFA02461846FFF7E5FA6D

:101830005168014201D0012000BD002000BDF8B573

:101840000B46FFF7CBFA04461846FFF7D6FA0546D3

:10185000052070260007F749F74B3701002A09D009

:10186000012A6FD0032A6ED0042A21D184426BD181

:101870001220A1E1844201D112200BE08C4201D15F

:10188000132007E09C4201D1142003E0EB4884427E

:1018900002D1152000F0ECFAE80703D06069C00817

:1018A000C0000CE0A80704D56069B0432030606137

:1018B000F8BD680705D56069B843FF30FF30801C6C

:1018C000F5E7DF4829077DD4DE49EA066ED4DE4A13

:1018D000AB066CD46B0605D5616907200006814311

:1018E000100195E12B0606D56169072000078143A9

:1018F000012040078CE1EB0503D5A069C008C000BA

:101900000CE0AB0504D5A069B0432030A061F8BD60

:101910006B0505D5A069B843FF30FF30801CF5E7A3

:101920002B0505D5A269072109038A431018EDE7A5

:10193000E80471D4A80408D5A069072109058843E3

:101940008018E3E713E0A5E02AE1680406D5A16961

:1019500007200006814301204006A5E12804D6D5D2

:10196000A169072000078143012040079CE18442D0

:1019700001D112200BE08C4201D1132007E09C42E0

:1019800001D1142003E0AD48844202D1152000F0BB

:101990006FFAE80703D06069C008C0000DE0A8072F

:1019A00006D56069B043103081E70BE013E01BE01F

:1019B000680704D56069B843FF30401C77E7A34847

:1019C000290705D56269072109038A4310186EE7C4

:1019D0009F49EA0605D56269072000048243501832

:1019E00065E79C4AAB0605D5616907200005814380

:1019F00088185CE76B0606D56069072109068843ED

:101A00000121090613E12B0607D5606907210907A3

:101A10008843012109070AE11BE0EB0503D5A06912

:101A2000C008C0000AE0AB0503D5A069B043103080

:101A30006CE76B0504D5A069B843FF30401C65E72F

:101A40002B0504D5A1690722120391432CE1E80478

:101A500005D5A269072000048243501856E7A80460

:101A600005D5A16907200005814388184EE7680461

:101A700006D5A0690721090688430121090681E0EE

:101A8000280400D443E7A16907200007814301200F

:101A9000000709E1844201D112200BE08C4201D100

:101AA000132007E09C4201D1142003E063488442E4

:101AB00002D1152000F0DCF9E8076FD1A8076ED439

:101AC000680704D560690121B8438902AFE028079F

:101AD00006D561690720000381430120800397E058

:101AE000E80606D5616907200004814301208004CF

:101AF0008EE0A80606D56069072109058843012103

:101B0000890594E0680606D56169072000068143CF

:101B1000012080067CE0280606D5616907200007C1

:101B200081430120800773E0E80573D4A80572D4CF

:101B3000680504D5A0690121B843890222E028057F

:101B400006D5A0690721090388430121890319E00B

:101B5000E80406D5A1690720000481430120800420

:101B6000A2E0A80406D5A169072000058143012051

:101B7000800599E0680407D5A06907210906884314

:101B8000012189064018C1E6280400D4BFE6A169F6

:101B90000720000781430120800785E010E016E060

:101BA0008C4201D1132007E09C4201D1142003E0B4

:101BB0002248844202D1152000F05AF9E80704D0E7

:101BC0006069C008C000001D71E6A80703D5606900

:101BD000B04340306BE6680700D573E7280706D5A9

:101BE0006069072109038843012189031FE0E80692

:101BF00006D560690721090488430121890416E09C

:101C0000A80609D5616907200005814301208005E8

:101C100008184CE622E028E0680600D574E728069C

:101C20001AD56069072109078843012189074018EF

:101C30003DE60000004000500080005000C0005011

:101C40000020000000000200000020000010000042

:101C50000000010000001000E80504D5A069C008DC

:101C6000C000001D52E6A80503D5A069B04340306E

:101C70004CE6680500D55DE7280506D5A169072073

:101C800000038143012080030EE0E80400D561E7F2

:101C9000A80400D567E7680400D475E7A1690720A8

:101CA000000681430120800608182FE6F8B50A4691

:101CB000FFF794F804461046FFF79FF80546052005

:101CC0000007844201D112200DE06E48844201D108

:101CD000132008E06C48844201D1142003E06B48D3

:101CE000844202D1152000F0C3F8E80703D06069F0

:101CF000C008C0000AE0A9077020002901DA616964

:101D00001DE063496A0703D5606988436061F8BDD7

:101D1000604A2B0702D560699043F7E75E4BEE06F9

:101D200002D560699843F1E75C4EAF0602D5606961

:101D3000B043EBE76F0605D56169072000068143D4

:101D40006161F8BD2F0603D5616907200007F6E73A

:101D5000EF0503D5A069C008C00007E0AF0501D5B5

:101D6000A16919E0680503D5A0691DE0A061F8BD6F

:101D7000280502D5A0699043F8E7E80402D5A069D8

:101D80009843F3E7A80402D5A069B043EEE76804DE

:101D900005D5A169072000068143A161F8BD28048B

:101DA000FCD5A069072109078843DFE7042810D282

:101DB0000122120491420CD2394A00280AD001288B

:101DC0000DD0022810D0032803D1D0880843D18831

:101DD000D080704710880843118810807047508861

:101DE00008435188508070479088084391889080BC

:101DF000704704280CD210290AD201228A402849AF

:101E0000002807D0012807D0022807D0032807D0D0

:101E100000207047088804E0488802E0888800E0D5

:101E2000C8881040F5D001207047042810D210292E

:101E30000ED201228A401A4900280AD001280DD06A

:101E4000022810D0032803D1C8889043CA88C880CC

:101E50007047088890430A880880704748889043F4

:101E60004A8848807047888890438A88888070476D

:101E7000002805DBC106C90E012088400949086019

:101E800070470000004000500080005000C000502B

:101E90000007000000700000000007000000700054

:101EA0004400002000E100E01B480068004710B536

:101EB0000446406809F0BDFE03461749E068086023

:101EC00016480168FF221204914340221404214362

:101ED000016013480260032201211248FEF736FB1D

:101EE000002010BD10B5010012D00F48002911D0FC

:101EF0000724FEF710FB002C08DB01200849A04056

:101F000080310860BFF34F8FBFF36F8F002010BD8B

:101F10000448EBE70624ECE74C00002004E400E072

:101F200000E100E000C000400000014070B505463F

:101F30000C46082004F012F8F649AA008850F64929

:101F400068000B5AF54D2D5AAB4207D20B460833A9

:101F50009A580B5AD4540A5A521C0A5270BDF8B5FA

:101F60000E4603280BD2EC4D4400295B002906D015

:101F70008700E848C05904F00DF8012802D000207D

:101F8000C0B2F8BD2A5BE4480830C15930460DF0B4

:101F900037F8285B00212953F2E770B50023DE4DA6

:101FA00044002B53002807D0012807D0022802D173

:101FB000002004F0FBFF70BDD94800E0D948FEF7CF

:101FC0006BFB70BDF1B500980078FEF707FF054682

:101FD00000988078FEF702FF044600984078FEF7EC

:101FE0000CFF06460098C078FEF707FF02462868F7

:101FF000304328602168114321600098007A00284E

:102000000CD00F2100280BD00E2005270F233F07EF

:102010001B03BD4272D1F70771D10AE00D21F1E730

:102020000C20F2E721296BD00A296AD07AE3E96310

:10203000F0E3B70715D5062904D0212907D00A29CE

:102040000AD093E3E96BF026B143103196E3E96BD4

:10205000F026B143203191E3E96BF026B1433031F2

:102060008CE3770715D5012971D0212970D00A2971

:1020700002D008E0E963F4E3EE6B0F2109028E431E

:1020800003210902A8E3EE6B0F2109028E43EE63E0

:10209000E7E3370710D5102972D01429FCD00A299C

:1020A0006FD00F296ED01B296DD020296CD0E96B21

:1020B0009943A3E38919A1E3F70629D5122906D08C

:1020C000162904D0212909D00A2910D01AE0EE6B74

:1020D0000F2109048E430121090404E2EE6B0F2154

:1020E00009048E4301214904FDE1E963F0E3E96B52

:1020F0000F263604B14303263604FCE1EFE0F3E09B

:10210000D6E1F4E0EE6B0F2109048E43EE63DFE3CA

:10211000B70613D513296FD017296DD021296CD09C

:102120000A2904D0052969D095E371182AE1EE6BDC

:102130000F2109058E4303210905F6E777062AD505

:10214000052906D021290BD0092912D01DE04DE127

:102150004DE1E96B0F263606B14301263606A6E3AC

:10216000EE6B0F2109068E430121490697E3E963CF

:10217000E5E3EE6B0F2109068E43032109068EE38A

:1021800053E154E196E1E9E17EE1EE6B0F210906AE

:102190008E43EE63D3E337060CD505297AD0212987

:1021A00079D0092978D0E96B0901090900E089197A

:1021B000E963CDE3F70506D508296ED01F296DD058

:1021C000FCE12964CEE3B7050FD5082902D01F2909

:1021D00005D017E2296CF026B143103103E0296CD9

:1021E000F026B14330312964CDE377050FD50829B6

:1021F00073D01F2972D004E0B6E033E3C4E0296451

:10220000CAE32E6C0F2109028E432E64C4E3370506

:102210000AD5082970D01F296FD001E0891901E083

:10222000296C99432964C0E3F7040ED507297FD0B0

:102230002E6C1F293C4902D08E432E64BEE38E4390

:102240000321090471182964B8E3B70412D50729DA

:1022500002D01F2907D049E22E6C0F2109058E43B9

:10226000012109054EE22E6C0F2109058E43032141

:10227000090547E2770429D5072910D00B2915D085

:1022800013291CD017291AD02E6C0F2109068E4352

:102290002E64A5E309E109E1DDE193E197E12E6C0C

:1022A0000F2109068E430121090605E02E6C0F213E

:1022B00009068E43032109067118296490E32E6CE8

:1022C0000F2109068E4301218906F5E7310474D5F3

:1022D000296C0901090929648BE3B5E1A6E1134FD3

:1022E000BD4274D1F70709D0062968D09AE6E96B98

:1022F00009090901C91C9AE6C2E1C6E1B70700D580

:1023000099E6770715D5032970D021296FD00A29BE

:102310006ED0B8E6E803002050000020BEC20000E6

:10232000008000400000034000000F00004000500B

:10233000C7E1370706D5032977D0212976D00A29A6

:1023400075D0B4E6F70606D5042900D1BFE6092901

:1023500000D0D7E6CBE6B7061DD5042904D00A295C

:1023600009D0222910D076E2EE6B0F2109058E43A9

:1023700001210905D9E6E96B0F263605B14303268D

:1023800036058919E963D1E2EE6B0F2109058E4309

:1023900001218905C9E6770612D5042900D1D8E6BE

:1023A0000A2900D1E5E6232900D0EEE6EE6B0F21E5

:1023B00009068E430121890671E2DBE207E0B5E1FF

:1023C000370671D5012970D01D296FD0EBE6FA4F81

:1023D000BD426CD1F70704D01D2969D00E2968D001

:1023E000A0E1B7070CD51E2903D130E6D6E184E081

:1023F00024E00F2970D1E96BF026B1434031BDE1F3

:1024000077072AD5242913D0EC4E366B0427BE4318

:10241000EA4F3E63102970D014296ED020290DD0C8

:102420000C2913D01A2969D02DE6E9E195E036E0B0

:10243000E2490E6B04273E430E6324E6E96B0F2648

:102440003602B14303263602891913E6EE6B0F21DB

:1024500009028E4301218902BEE137072FD52429C5

:1024600017D0D64E366B0427BE43D44F3E63112996

:1024700073D0152971D0202911D00D291AD019290E

:102480006CD0182900D012E6E96B03269943760335

:1024900010E6CA490E6B04273E430E6307E6E96B5C

:1024A00003269943360305E65AE26DE011E22CE17A

:1024B00041E145E1E96B01269943B603FAE5F706E8

:1024C0002BD5122911D016290FD00B2917D001298D

:1024D0001CD0182901D015E648E1EE6B0F21090444

:1024E0008E43032149047118FFE5E96B0F2636047A

:1024F000B143012676048919F7E555E166E1EE6BF3

:102500000F2109048E4303210904ECE7EE6B0F2130

:1025100009048E4305210904E5E7B7060DD52529F1

:1025200005D0A64F396B0226B143396393E1A34925

:102530000E6B02273E430E638DE177060FD52529EA

:1025400005D09E4F396B0226B14339631DE69B4986

:102550000E6B02273E430E6317E656E15BE137063A

:1025600024D5132910D017290ED0092973D00B298F

:1025700010D0012914D0182900D014E6E96B0326E5

:1025800009010909760712E6E96B01260901090923

:1025900036070CE6E96B012609010909B60706E6CC

:1025A000E96B052609010909360700E6F70513D589

:1025B00026296FD0012905D0182908D0296C0909CE

:1025C0000901FEE5296C09090901491CF9E5296C95

:1025D00009090901C91CF4E5B70518D524290CD04F

:1025E000764E376B0826B743744E3763012900D106

:1025F000F0E5182900D1F2E504E0704F3E6B0821A8

:102600000E433E632E6CF0218E432E64BBE17705B2

:1026100022D5242912D0694E376B0826B743674E5E

:102620003763012910D0182900D0EAE5296C0F265C

:102630003602B143032636028919E0E55F4F396B54

:10264000082631433963DCE5296C0F263602B14395

:10265000FF310131D3E535E1370526D511290FD0FA

:1026600015290DD00A2910D00E2914D01C2917D0F5

:10267000202900D0D4E5296C032699437603CDE5C3

:10268000296C012699433603C8E5296C0326994332

:102690003603C3E566E1296C01269943B603BDE51F

:1026A000296C052699433603B8E5F7041AD50329A2

:1026B00007D021290BD00A29296C414E0DD0B143F6

:1026C000C1E52E6C3E498E4301210904BAE52E6C0A

:1026D0003B498E4301214904B4E5B1430326360446

:1026E0008919B0E5B70466D51D2905D02E6C0F21D8

:1026F00009058E432E646AE12E6C0F2109058E4375

:10270000012149057118296461E12E4FBD4272D142

:10271000F7071ED0012909D01D290CD00C290FD094

:10272000272912D0E96B0909090180E4E96B09093D

:102730000901491C7BE4E96B09090901891C76E45C

:10274000E96B09090901091D71E4E96B0F263143A1

:102750006DE4B70714D5012900D173E41E2900D117

:1027600075E40D2900D146E6272904D0EE6BF0214F

:102770008E43EE63BBE0E96BF0263143E963B6E0DC

:1027800077072DD5022909D01D290DD019291DD073

:102790002729E96B0C4E21D0B1436BE4E96B0A4E5B

:1027A000B143FF31013165E4E96B074EB143FF31BD

:1027B000FF3102315EE411E10080005080000150E1

:1027C00000000F0000C00050000F0000EE6B0F2152

:1027D00009028E430521090271184BE4314349E493

:1027E00037071DD502290BD01D290ED01A2912D06A

:1027F000272901D05BE472E0E96B1943E96384E0C7

:10280000E96B01269943360354E4E96B01269943A9

:1028100076034FE465E0E96B05269943360349E406

:10282000F7060FD51E2900D15FE6102900D15EE41E

:102830001429FCD0272900D064E4E96B0F26360464

:10284000314352E4B70614D51D290BD0112900D10C

:1028500091E51529FCD0EE6B0F2109058E43EE633F

:1028600064E04BE0EE6B0F2109058E430121490521

:102870005BE477061DD502290BD01D2900D16FE43A

:1028800012290ED016290CD0E96B0F263606B1435B

:102890006DE4EE6B0F2109068E43012109067118C4

:1028A00065E4E96B0F263606B1430326360689191F

:1028B0005DE4370654D51E290BD0132902D0172901

:1028C00000D070E4E96B03260901090936076EE4BC

:1028D00022E0E96B012609010909760767E4F1079F

:1028E00003D0A968890889001CE0B10704D5A9684C

:1028F0000C26B14308313CE0710704D5A9683026A5

:10290000B143203135E0310704D5A968C026B14371

:1029100080312EE0F10607D5A96803263602B143BF

:10292000FF31FF31891C24E0B10606D5A9680326D2

:10293000B602B1430126F60210E0710606D5AE6874

:10294000032109038E430121490311E0310607D514

:10295000A9680326B603B1430126F603891908E0E6

:10296000F1050ED5AE68032109048E430121490407

:102970007118A960052109078C426FD1D1076ED16A

:1029800044E0B10506D5A9680326B604B143012683

:10299000F604E3E7710506D5AE68032109058E4309

:1029A00001214905E4E7310506D5A9680326B605E6

:1029B000B1430126F605D1E7F10406D5AE6803213F

:1029C00009068E4301214906D2E7B10406D5A9685C

:1029D0000326B606B1430126F606BFE7710406D505

:1029E000A96803263607B14301267607B6E7310406

:1029F000C0D5A968012689008908F607AEE7212815

:102A000076D00A2875D05FE3E063F7E3910771D4CD

:102A100051072BD501286ED021286DD00A281FD14F

:102A200015E0E06BF0218843103074E3212802D0D8

:102A30000A2805D0C2E1E06BF021884320306AE328

:102A4000E06BF0218843303065E3E063EFE3E16B56

:102A50000F20000281430320000282E31AE11EE1FD

:102A6000E16B0F2000028143E163E0E3110710D521

:102A700010286FD014286DD00A286CD00F286BD086

:102A80001B286AD0202869D0E06B984379E340186E

:102A900077E3D1061FD5122806D0162804D02128A6

:102AA00009D00A2810D089E3E16B0F20000481438C

:102AB0000120000400E2E16B0F20000481430120AB

:102AC0004004F9E1E063ECE3E06B0F210904884383

:102AD000032109047DE3910611D5132872D017282C

:102AE00070D021286FD00A286ED005286DD026E13D

:102AF000BFE1D7E0DDE056E1EAE108187CE35106EA

:102B00001CD5052807D021280BD00928E06BF849EF

:102B10000FD088430BE0E16BF548814301200006AC

:102B200090E3E06BF24988430121490604E0E06349

:102B3000C3E38843032109064018F8E7110611D5BD

:102B4000052871D0212870D009286FD0E06B0001D2

:102B5000000905E028E129E18DE1E6E175E1401891

:102B6000E063B0E3D10506D5082874D01F2873D0E0

:102B7000FAE12064ADE391050FD5082802D01F28A3

:102B800005D014E2206CF0218843103003E0206C63

:102B9000F021884330302064A1E3510516D5082880

:102BA00070D01F2808D1216C0F2000028143032020

:102BB00000020818206498E3216C0F200002814372

:102BC000216492E3AFE01AE31BE1B2E011050AD5FC

:102BD000082871D01F2870D001E0401801E0206C57

:102BE0009843206487E3D1040DD5072875D01F28AA

:102BF00074D002E00818206483E3216C0F200004E5

:102C0000814321647DE3910416D5072806D0216C09

:102C10001F28B8480BD0814321647AE3216CB54862

:102C200081430120000505E020E120E1E6E1814348

:102C300003200005081831E2510424D507280CD0E0

:102C40000B2810D0132816D0172814D0216CA848B0

:102C50008143216463E38BE18FE1216CA4488143CC

:102C60000120000604E0216CA148814303200006F6

:102C70000818206453E3206C9D498843012189068C

:102C80004018F6E7AFE1100474D5206C000100098C

:102C900020644AE3984DAC427BD1D10707D0062887

:102CA0006AD0ACE6E06B00090001C01CACE69107FD

:102CB00005D5062802D0B9E6B5E1B9E1B1E651077C

:102CC00002D503286FD0A7E6110708D503286BD0DB

:102CD00021286AD00A2869D0D6E6C9E1C1E1D10627

:102CE00018D5042802D0092807D00DE0E06B0F2189

:102CF00009048843012109046BE2E16B0F20000401

:102D0000814303200004D7E0E16B0F2000048143DE

:102D1000E163C6E2910617D5042804D00A2870D0D2

:102D2000222806D00BE0E16B7248814301200005A8

:102D3000E3E6E16B6F48814301208005DDE6E16B4E

:102D40006C488143E163B2E251061BD5042800D1EF

:102D5000E1E60A2802D0232806D00EE0E16B6448A1

:102D60008143032000066DE2E16B6148814301204D

:102D7000800667E2CAE20CE0AAE1E16B5C488143AD

:102D8000E1639AE2110670D501286FD01D286ED03C

:102D9000DCE65A4DAC426BD1D50708D01D2868D06F

:102DA0000E2867D090E1CAE1EDE1ABE058E095076D

:102DB0000ED51E2800D13EE60F2804D0E16BF0208E

:102DC0008143E1635DE2E06BF02188434030A2E1A2

:102DD000550724D5242815D049490A6B04239A4362

:102DE0000A63102874D0142872D0202800D12EE64F

:102DF0000C280DD01A286CD0E06B0F2109028843F3

:102E000023E603E23E48016B04221143016327E6F7

:102E1000E16B0F200002814301208002A1E1150730

:102E20002ED5242816D036490A6B0425AA430A63F6

:102E3000112867D0152865D0202811D00D281AD068

:102E4000192872D0182800D01EE6E06B03219843A1

:102E500049031CE62A48016B04221143016313E66F

:102E6000E06B03219843090311E630E264E0FAE1E4

:102E70001DE132E136E1E06B01219843890306E66A

:102E8000D5061BD5122800D115E61628FCD00B2834

:102E900000D132E7012809D0182800D034E7E06BD0

:102EA0000F21090488430321490492E1E16B0F20BB

:102EB0000004814305200004081803E695060DD59B

:102EC00025280F48016B05D002229143016336E7A4

:102ED0003BE141E102221143016389E1550615D529

:102EE00025280748016B0ED002229143016344E775

:102EF0000000000F0000F000004000500080005073

:102F00008000015044E102221143EFE7150623D56A

:102F1000132811D017280FD009286FD00B2811D0F3

:102F2000012815D0182801D010E637E1E06B032105

:102F300000010009490712E6E06B012100010009C8

:102F400009070CE6E06B012100010009890706E68C

:102F5000E06B0001000902E6D10513D5262871D0E7

:102F6000012805D0182808D0206C0009000100E6CF

:102F7000206C00090001401CFBE5206C00090001E9

:102F8000C01CF6E5910517D524280BD0FE490B6B24

:102F9000082293430B63012800D1F3E5182800D1E0

:102FA000F5E504E0F848016B082211430163216C48

:102FB000F0208143216492E1510520D524280CD0D2

:102FC000F1490B6B082293430B6301280BD018289F

:102FD000206CEE490DD08843ECE5EB48016B0822EC

:102FE00011430163E8E5206CE8498843FF30013074

:102FF000E0E58843032109024018DBE52DE11105D6

:1030000026D511280FD015280DD00A2810D00E284B

:1030100013D01C2817D0202800D0E0E5206C032115

:1030200098434903D9E5206C012198430903D4E56D

:10303000206C032198430903CFE5206C01219843BC

:103040008903CAE545E1206C052198430903C4E5DD

:10305000D1041BD503280BD0212810D00A2800D07A

:10306000CBE5216C0F200004814303200004C1E55F

:10307000216C0F200004814301200004BAE5216C7B

:103080000F200004814301204004B3E5910475D56D

:103090001D2805D0206C0F2109058843206438E1E4

:1030A000216C0F200005814301204005C2E5B8498D

:1030B0008C4272D1D1071ED0012809D01D280CD016

:1030C0000C280FD0272812D0E06B000900019BE4E8

:1030D000E06B00090001401C96E4E06B0009000170

:1030E000801C91E4E06B00090001001D8CE4E06BA2

:1030F0000F21084388E4910712D5012800D190E4FC

:103100001E2800D197E40D2800D15CE62728E06B4B

:1031100003D0F0218843E063B3E0F0210843FAE7ED

:10312000510720D502280AD01D280ED0192813D007

:10313000272800D094E4E06B9449084385E4E06BD1

:1031400092498843FF3001307FE4E06B8F49884328

:10315000FF30FF30023078E4E16B8C48814305207A

:103160000002081871E411071DD502280BD01D2894

:103170000ED01A2812D0272801D085E4CDE0E06BCC

:103180001843E06388E0E06B0121984309037EE483

:10319000E06B01219843490379E46AE0E06B052183

:1031A0009843090373E4D1061AD51E280BD01028C2

:1031B00000D1A2E51428FCD027280CD0E06B0F2109

:1031C000090488437EE4E06B0F2109048843012150

:1031D0004904401876E4E06B0F210904084371E4C8

:1031E00091061AD51D280AD011280FD015280DD008

:1031F000E06B0F2109058843E06358E03BE0E16B99

:103200000F20000581430120400576E4E16B0F208B

:1032100000058143032000056FE4510614D5022800

:1032200000D178E41D2807D0122801D196E52DE0C1

:10323000162800D0A1E591E5E16B0F20000681433F

:1032400001204006081872E4110640D51E280AD055

:10325000132802D0172800D078E4E06B0321000186

:10326000000909077BE4E06B01210001000949071F

:1032700075E4D00703D0A0688008800058E090076C

:1032800002D5A0680C2103E0500703D5A0683021C7

:1032900088434DE0100702D5A068C021F8E7D006AA

:1032A00003D5A168032000022EE0900603D5A06894

:1032B00003218902ECE7500603D5A168032000032F

:1032C00022E0100603D5A06803218903E0E7D005BA

:1032D00003D5A1680320000416E0900503D5A0687B

:1032E00003218904D4E7500503D5A1680320000514

:1032F0000AE0100503D5A06803218905C8E7D004BA

:1033000005D5A168032000068143A16011E0900467

:1033100003D5A06803218906BAE7500403D5A06845

:1033200003210907B4E7100403D5A06880008008D2

:10333000A0600098007A002830D0164D00282FD0C9

:1033400011240098093008F061FC06460098001D21

:1033500008F05CFC014632462846FDF785F901215C

:103360002846FDF77FF90022FF23002C1ADBA10875

:103370000948890008180568A107C90E8B409D43BC

:103380008A40154305601CE080000150000F0000DA

:1033900000C000500000034000E400E0474DCDE7CE

:1033A0000B24CEE72007000F083881084448890025

:1033B0000818C569A107C90E8B409D438A40154373

:1033C000C561002C03DB01203E49A0400860F8BD28

:1033D00070B5050015D02C7A002C13D0012C11D01B

:1033E000022C0ED12846093008F010FC0646281D94

:1033F00008F00CFC314603F065FD0020324A610004

:10340000505270BDFEF7DEFDF7E710B5002809D079

:10341000012806D101212D48FDF7ECF8112000F01C

:1034200019F810BD01212548FDF7E4F80B20F6E757

:1034300010B500280AD00179002908D0012906D04A

:10344000022903D18179407903F073FD10BD00F0AA

:103450000FF810BD00280ADBC106C90E0120884004

:10346000184980310860BFF34F8FBFF36F8F7047EB

:1034700010B504468079002801D0012200E0002226

:1034800061782078FEF7BCF96279617820780023B2

:10349000FEF7B2F9A079002801D0012200E0002255

:1034A000E178A078FEF7ACF96279E178A0780023A2

:1034B000FEF7A2F92079FFF7A8FF10BD00800040B9

:1034C00000ED00E000E100E05000002000000340BB

:1034D00010B50F4C20780A2801D2FDF709F92078A1

:1034E000401C20706068002800D0804710BD08494B

:1034F00000200870704710B5044601222D210D20D0

:10350000FDF7FAF8024900220A704C6010BD000075

:103510006400002000487047C4C2000000487047A3

:10352000D8C2000000487047F4C2000010B500F097

:1035300091FA014810BD000024C3000010B500F04E

:10354000D7FC014810BD000044C3000010B505F0D1

:1035500034F8014810BD000060C300000048704707

:1035600074C3000010B505F0C9FE014810BD00008D

:103570007CC3000010B502F047FD014810BD0000FB

:1035800098C3000010B502F0ADFC014810BD00006A

:10359000A0C3000010B505F09BFA014810BD000063

:1035A000BCC300000EB500F045F80C480A490160A4

:1035B00000214160032069460870084800F010F8B7

:1035C0000EBD0EB5684600F054F8012803D16946D7

:1035D000024800F00EF80EBDAD3700006C00002070

:1035E00010B502680446904722680D49204690476E

:1035F00010BD70B505680446A847022807D000280A

:1036000004D10749226812312046904770BD044911

:1036100020460931A847024920462268F5E7000004

:10362000D9C300000EB56A4610705170684600F0AC

:1036300007F80EBD10B530211B4808F0DCFA10BDAC

:1036400010B5194C0146A078052811D26078C20047

:10365000801800190922C01C0BF0D2FC60780521EB

:10366000401CC0B208F0AAFA6170A078401CA0709B

:1036700010BD10B50C4CA178002913D02178CA00D8

:10368000891809190922C91C0BF0BAFC20780521F8

:10369000401CC0B208F092FA2170A078401EA070C1

:1036A000012010BD002010BDF4030020F8B507462E

:1036B0001748012500680C46052809D3FDF751FB82

:1036C000014660780090237812A214A008F054FB01

:1036D0002078204E030008F07BFB0B180718181504

:1036E00018181818180E1800032007F08CFA01207B

:1036F00006F089FF02E06078042806D1304608F021

:10370000B3F902E01448022538602846F8BD0000ED

:103710003C00002069646C65000000001B5B313BCD

:1037200033376D5B25735D20286C6F636B5F667349

:103730006D292046736D5F73746174655B25735DDD

:103740002C204576656E745B25752C2025755D0DE6

:103750000A0000001027000031380000F8B50646C6

:103760001D48012500680C46052809D3FDF7F9FA24

:10377000014660780090237818A21BA008F0FCFA9C

:103780002078030008F024FB05100410100D100031

:103790001920400108F06FF9FF20F53008F064F9B6

:1037A00002E01F48022530602846F8BD38B50546BE

:1037B00009480C460068052809D3FDF7D2FA0146EE

:1037C00060780090237817A207A008F0D5FA174870

:1037D0002860022038BD00003C000020706F776533

:1037E000725F6F6E000000001B5B313B33376D5B17

:1037F00025735D20286C6F636B5F66736D292046AF

:10380000736D5F73746174655B25735D2C20457601

:10381000656E745B25752C2025755D0D0A00000012

:10382000AD360000696E6974000000005D3700006D

:10383000F8B506461A48012500680C46052809D344

:10384000FDF78FFA014660780090237815A217A043

:1038500008F092FA2078030008F0BAFA0B1F071F4D

:103860001F151F1F1F1F1F0E1F00012007F0CBF980

:10387000012006F0C8FE0AE0607802280DD1194840

:103880000225306009E007F0E7FB002803D0FA20AA

:1038900008F0EAF801E007F0D8FF2846F8BD00007C

:1038A0003C000020736C6565700000001B5B313BC1

:1038B00033376D5B25735D20286C6F636B5F6673B8

:1038C0006D292046736D5F73746174655B25735D4C

:1038D0002C204576656E745B25752C2025755D0D55

:1038E0000A000000AD36000010B580788B49000951

:1038F0000AD0002201280BD0052804D14A700021EB

:10390000012000F0E4F810BD012048700321F7E722

:103910004A800421F4E770B58178804E0A090125B8

:1039200000247F4BB189002A11D0012A19D0062A20

:103930000CD164290AD2491C88B2B081642805D30D

:1039400074721D700E21002000F0C1F870BD1C7053

:10395000642903D20179002000F0B9F8B4817572AE

:1039600070BD7472B48119780029F9D01C70017986

:103970000220E9E770B502462520684D00012818AD

:10398000002912D0002A04D0012A01D1FDF75FF8E6

:1039900070BD00242C20604340191430FDF757F807

:1039A000641CE4B20D2CF5D370BD0026002A05D0AE

:1039B000012AF9D1FDF760F86E7070BD00242C204B

:1039C000604340191430FDF757F8641CE4B20D2C25

:1039D000F5D36E7270BD70B5002501264F4C0028DE

:1039E00024D0012801D0002070BD6580657020784A

:1039F00000282DD1267002F059FE4B480D230022DD

:103A000048490446FCF716FF484A00212046FCF7C7

:103A100034FF464A01212046FCF72FFF434A052187

:103A20002046FCF72AFF012108460FE03C480830F9

:103A300002F0DEFB6572A581FF20A072207A0028CB

:103A400006D1267200F049F801210020FFF792FF0D

:103A5000012070BD32494860704710B5012806D07A

:103A6000002803D12D48407A002801D0002010BD45

:103A700002F0B2FB012010BD2849012803D0002824

:103A800003D00020704748787047487A70477047E5

:103A900010B502F0B4FB002801D0012010BD02F0E7

:103AA00032FE0028FAD0082010BD10B51E4C30346C

:103AB000A06A02F06FFA002807D00A2002F04EFA3E

:103AC000A06202F08DFBFCF7E8FF10BD7047144ABE

:103AD0005268002A00D01047704770B50F4E00247E

:103AE0002C206043851914352346012210492846AD

:103AF000FCF7A0FE28460F4A0021FCF7BEFE284630

:103B00000C4A0121FCF7B9FE28460A4A0621FCF7B7

:103B1000B4FE641CE4B20D2CE2D370BD240400207A

:103B200074000020ED66000074060020E9380000F3

:103B3000C96100001739000010B5040009D02168E0

:103B4000012088476168012088470A21204600F04B

:103B50008BF910BD10B504001DD0616801208847A5

:103B6000216801208847617C204600F07DF9A0682B

:103B70008047002811D0616800208847617C20467A

:103B800000F072F9216800208847617C204600F02F

:103B90006BF9002010BD042010BD032010BD10B52E

:103BA000040017D0216800208847616800208847FA

:103BB000617C204600F058F9216801208847617C2B

:103BC000204600F051F9616801208847617C204659

:103BD00000F04AF910BD70B50E4604003FD0002534

:103BE0006168F00988477006060E617C204600F087

:103BF0003BF9216801208847617C204600F034F9B8

:103C00002168002088476D1CEDB2082DE8D361685B

:103C1000E57C01208847617C204600F025F9216879

:103C200001208847617C204600F01EF9A06880478B

:103C3000060004D028466D1EADB20028F6D12168DA

:103C400000208847617C204600F00EF96168012061

:103C50008847A17C204600F007F9304670BD04205B

:103C600070BDF7B5040042D0019800283FD0002570

:103C7000616801208847617C204600F0F5F8002744

:103C800001266806050E216801208847617C2046D0

:103C900000F0EAF8A0688047002800D03543617C36

:103CA000204600F0E1F8216800208847617C20462A

:103CB00000F0DAF87F1CFFB2082FE2D302986168A7

:103CC00070408847617C204600F0CEF821680120D2

:103CD0008847617C204600F0C7F8216800208847AB

:103CE000616801208847019805700020FEBD04200E

:103CF000FEBDFFB581B007000BD00398002808D0A7

:103D00000498002805D0387D010705D00607360F36

:103D100003E0042005B0F0BD00263846FFF71AFF87

:103D200004001BD1387C4006010E3846FFF753FFD4

:103D3000040013D138460299FFF74DFF04000DD15E

:103D4000002508E00398415D3846FFF744FF040072

:103D500004D16D1CADB204988542F3D33846FFF709

:103D60001EFF002C07D06420FCF75AFF3046761E59

:103D7000F6B20028D1D12046CCE7FFB581B001983A

:103D80001F4600280BD00398002808D0002F06D02B

:103D90000198007D010704D00607360F02E00420D9

:103DA000B8E700260198FFF7D5FE040032D101984C

:103DB000007C4006010E0198FFF70DFF040029D199

:103DC00002990198FFF707FF040023D10198FFF73C

:103DD000C1FE04001ED10198007C4000401CC1B20D

:103DE0000198FFF7F8FE040014D10025781E00901A

:103DF0000EE00098854201D0012200E000220398E5

:103E000041190198FFF72DFF040003D16D1CADB2DD

:103E1000BD42EED30198FFF7C2FE002C07D064200C

:103E2000FCF7FEFE3046761EF6B20028BAD12046D8

:103E300070E770B5050005D00024FFF78BFE002861

:103E400002D00CE0012070BD287C4006010E2846FF

:103E5000FFF7C1FE002801D0012400E0002428461D

:103E6000FFF79DFE204670BD002804D0C268002ADE

:103E700001D088B210477047034610B500200246B3

:103E800004E09C5C2018521C80B292B28A42F8D3A3

:103E900010BD30B5002307E0C45CCD5CAC4201D05E

:103EA000002030BD5B1C9BB29342F5D3012030BD96

:103EB00030B503460C480D4C0FE01A781202504002

:103EC00000225B1C050402D54000604000E0400079

:103ED000521CD2B280B2082AF4D30A46491E89B2D3

:103EE000002AEAD130BD0000FFFF000021100000D1

:103EF000F84948607047F74908807047F5480088DE

:103F0000704710B501220B210020FDF779FC00233A

:103F100002220B211846FDF76FFC00220721012029

:103F2000FDF76EFC0023022207210120FDF764FC4F

:103F300000220E211046FDF763FC002302220E2111

:103F40001846FDF759FC002201211046FDF758FCE8

:103F50000023022201211846FDF74EFC00220D210C

:103F60001046FDF74DFC002302220D211846FDF7F7

:103F700043FCD949002048608860C86008614861F6

:103F80008861C861086248628862C86208634863E1

:103F900010BD10B5002207210120FDF731FC0122E0

:103FA0000B210020FDF72CFC002201211046FDF71B

:103FB00027FC00220E211046FDF722FC01220D21D4

:103FC0000020FDF71DFCC449002048608860C860DF

:103FD000086148618861C861086248628862C86295

:103FE0000863486310BD03200146401EC0B200298B

:103FF000FAD1704770B5054600220B211046FDF737

:10400000FFFB0024002201211046FDF7F9FB2804E4

:1040100001D5012200E000220E210020FDF7F0FB77

:104020006804050CFFF7DFFF012211460020FDF7B1

:10403000E7FB641CA4B2102CE4D301220721104634

:10404000FDF7DEFBFFF7CFFF002207210120FDF780

:10405000D7FBFFF7C8FF00220B211046FDF7D0FB6E

:10406000FFF7C1FF002201211046FDF7C9FB002226

:104070000E211046FDF7C4FB70BD01460020CA07A3

:1040800000D002208A0702D50122120310434A07FA

:1040900002D50122520310430A0702D501229203DE

:1040A0001043CA0602D50122D20210438A0601D566

:1040B000202210434A0601D5102210430A0602D5D9

:1040C000012292021043CA0501D5082210438A0535

:1040D00001D5042210434A0502D5012252021043A1

:1040E0000A0501D5012210437047F8B57A4C7B4F81

:1040F00020342078774E784D002816D0686A01F079

:1041000049FF002811D0642001F028FF6862607820

:104110004000385AFFF7B1FF3080FFF76BFF60783F

:104120000A21401C07F04AFD6170207A002819D04E

:10413000E86A01F02FFF002814D0642001F00EFF80

:10414000E862607A0921081A0006C00D385AFFF7A4

:1041500094FF3080FFF74EFF607A0A21401C07F081

:104160002DFD6172F8BD102804D300290DD0002068

:1041700008800AE0594A40002C3A105A002900D021

:10418000088054490988014201D10020704701206C

:104190007047F8B50446002768460780102C3FD2C8

:1041A0004E4960002C39085A694608802046FFF7BE

:1041B000DAFF002834D0484D464E287A002812D025

:1041C0006A4631881288A888114388420BD1FFF7CC

:1041D00011FFAB7902220421012000F0C8F86F60C2

:1041E000AF60EF602F616946308809880843A88076

:1041F000EC8001202872C82001F0B0FE2861287AE6

:10420000002801D0C820E8606946308809888843C2

:10421000FFF7F0FE0122AB790421104600F0A7F869

:10422000F8BDF8B52C4D0E462C460027203403006F

:1042300007F0CEFD0936060F203337586A7C36006A

:10424000244C27482080FFF7D5FE00222378012147

:104250007FE0204E38463780FFF7CCFE6F60AF60BE

:10426000EF602F612F752770277227740022337833

:1042700002216EE06F60AF60EF602F612F752770D5

:10428000277227740846FFF7F8FE124C2080FFF7CC

:10429000B1FE0022237803215BE0C8B2FFF779FF6B

:1042A000F8BD6F60AF60EF602F612770277209481B

:1042B000277407803846FFF79DFE012028756F752B

:1042C000EE821E20288301F049FE00231A460521B4

:1042D000E8613EE08C000020D006002020C40000F1

:1042E000FFFF00006F60AF60EF602F612F752772D6

:1042F0002774012020706770642001F02FFE0023D6

:104300001A460621686224E06F60AF60EF602F619B

:104310002F7527702774012020726072642001F0CD

:104320001DFE00231A460721E86212E06F60AF60AD

:10433000EF602F612F75277027720120207467743A

:10434000FF2069862D3001F009FE00231A4608215E

:104350006863012000F00BF8F8BD10B500F075F8A7

:1043600000F00FF8FFF7C1FE00F039F810BD30B4CF

:10437000464C6468002C02D0A44630BC604730BC78

:10438000704770B5424C207D002827D0E06901F0CD

:1043900001FE002822D0208B01F0E0FDE061607D6D

:1043A0003C494000394D085A298808432880FFF7C6

:1043B00021FE607D401CC0B2607506280ED300202F

:1043C00020756075E08AFFF758FE2880FFF712FE1F

:1043D00000231A4605210120FFF7C9FF70BDF8B57B

:1043E0002B4C2034207C002824D0294F786B01F0FE

:1043F000D1FD00281ED0FF202D3001F0AFFD234D50

:1044000078632888002816D0002630462E80FFF7D3

:10441000F1FD607C03280DD326746674788EFFF757

:104420002CFE2880FFF7E6FD00231A460821012014

:10443000FFF79DFFF8BD1848FFF71FFE2880FFF724

:10444000D9FD607C401C6074F8BD10B5104CE0686C

:1044500000281AD0206901F09DFD002815D0E068E1

:1044600001F07CFD2061207A00280BD0401E000660

:10447000000E207206D1E060A379022204210120FF

:10448000FFF775FFA088FFF7B5FD10BD8C00002079

:10449000D006002014C40000AA020000934800784F

:1044A000704710B5FF2401342146914807F0A3FB63

:1044B0008F4922460819FCF7FDFA21468D4807F07E

:1044C0009AFB8C4922460819FCF7F4FA21468A48DF

:1044D00007F091FB884922460819FCF7EBFA83495B

:1044E0000020087010BDF8B5844F054638681646A0

:1044F0000C0010D0002E0ED0002D17D0012D18D09A

:10450000022806D3FCF72DFC01462A467CA007F0C2

:1045100033FC0020F8BD0228FBD3FCF722FC014647

:1045200033462246854807F027FCF2E771481038E9

:1045300001E071481038FCF7DBFA0446B0420DD2B6

:10454000386803280AD3FCF70CFC01460094002DC0

:1045500006D07BA233467C4807F00EFC2046F8BD0F

:104560007AA2F7E710B504000ED0012C0FD06348F3

:104570000068022806D3FCF7F4FB0146224675A02A

:1045800007F0FAFB002010BD5A48103801E05A48E5

:104590001038FCF797FA10BDF8B5584E044630684D

:1045A00015460F0010D0002D0ED0002C17D0012C76

:1045B00018D0022806D3FCF7D4FB0146224675A08A

:1045C00007F0DAFB0020F8BD0228FBD3FCF7C9FB9B

:1045D00001462B463A467F4807F0CEFBF2E74548B6

:1045E000103801E044481038FCF7BBFA05000BD145

:1045F0003068032808D3FCF7B4FB0146002C05D033

:104600004FA275A007F0B8FB2846F8BD4FA2F8E707

:10461000F8B50C46002810D0002C0ED0334E31785F

:10462000364F00290BD03868032806D3FCF799FBD6

:104630000146224677A007F09FFB0020F8BD01212C

:104640003170014622468148FCF752FA05460020A7

:104650003070A5420AD23868032807D3FCF781FBE3

:1046600001462B4622467A4807F086FB2846F8BDCD

:1046700010B57648FCF726FA10BDF8B51F4F0500B7

:1046800038680C460FD0002C0DD0184E3178002918

:1046900014D0032805D3FCF764FB01466DA007F096

:1046A0006BFB0020F8BD0228FBD3FCF75AFB014648

:1046B00023462A46744807F05FFBF2E7012030707A

:1046C000224629466148FCF74CFA04460020307027

:1046D000002C08D13868032805D3FCF742FB0146BB

:1046E0006AA007F049FB2046F8BD000094000020B6

:1046F0000807002018080020280900203C0000209E

:104700001B5B313B33316D5B25735D202875617216

:10471000745F717565756529207075742065727296

:104720006F723A20696E76616C6964207072696F8D

:10473000726974792025640D0A00000044C90000E4

:104740006E6F726D616C000060C800006869676818

:10475000000000001B5B313B33316D5B25735D2036

:1047600028756172745F7175657565292067657458

:10477000206C656E206572726F723A20696E766188

:104780006C6964207072696F726974792025640D98

:104790000A0000001B5B313B33316D5B25735D20EC

:1047A00028756172745F7175657565292067657418

:1047B0005F62756C6B206572726F723A20696E76FB

:1047C000616C6964207072696F7269747920256404

:1047D0000D0A0000A8C800001B5B313B33336D5B42

:1047E00025735D2028756172745F71756575652923

:1047F000206765745F62756C6B207761726E3A201A

:10480000257320717565756520656D7074790D0A65

:10481000000000001B5B313B33336D5B25735D2073

:1048200028756172745F71756575652920727820CD

:10483000627573792C20736B6970207075743A20DF

:104840006C656E3D25640D0A00000000280A0020FA

:1048500018C800001B5B313B33336D5B25735D2053

:1048600028756172745F717565756529207278208D

:10487000627573792C20736B6970206765745F6251

:10488000756C6B0D0A000000F4C800001B5B313B27

:1048900033336D5B25735D2028756172745F7175AC

:1048A00065756529207278206765745F62756C6B29

:1048B000207761726E3A20717565756520656D703F

:1048C00074790D0A00000000F8B5F74B994204D145

:1048D0000D21443007F08FF910E000230CE0CD18D3

:1048E000EC08241840346F0726797F0F0125BD405E

:1048F000AE435B1C2671DBB29342F0D30120F8BDBE

:104900004278D20707D04222125C012A03D06030DD

:104910008279930701D50020704701231A43C123F0

:1049200009071A40890E0A43827101207047F0B5C9

:1049300089B005466C46EF200F462070012161705A

:10494000FF20A070E07020711E466071A171F01C04

:10495000010AE1712072677213460A34002B07D0F6

:10496000002E05D03246194620460AF049FBA4190C

:104970006E463046211A891F89B2B01DFFF77CFAB6

:10498000010A21706070A86EA41C816800290ED0F5

:10499000EF70A11B8268C9B2684690474020405B17

:1049A00001F0DCFAE863687808210843687009B010

:1049B000F0BDF8B5017804460807000F15D025466C

:1049C00000220123403501281FD002280CD1607835

:1049D000860602D42679002E51D0009201236A4621

:1049E0001F212046FFF7A3FFF8BD6078810601D4A0

:1049F000C006F9D500231A460F212046FFF797FF7E

:104A0000207800090001401C11E06078800602D483

:104A10002079002818D0A07805280AD2401CA07060

:104A2000288801F09BFAE0632078000900012070DB

:104A3000F8BD00231A4633212046FFF778FF20787F

:104A4000000900010E30F2E7A07A322802D0E07AA5

:104A5000322801D13220E870207A9B2802D0607A77

:104A60009B2800D1AB70009201236A461F2120468B

:104A7000FFF75DFF207800090001801CD7E70909D6

:104A8000090121701843607020460D22611D4430D9

:104A90000AF0B6FA22460F2342320421204600F0E3

:104AA00073FC687C4006810F2046FFF729FFF8BDA4

:104AB0001CB5027804461107090F40300B0007F0BF

:104AC00087F9050412455E7D5D006078800655D546

:104AD00000231A4601212046FFF729FF207800090C

:104AE0000001401C82E061788B0602D42379002B00

:104AF0001BD0BF2319406170417CCB060AD500232F

:104B00001A4633212046FFF712FF207800090001E2

:104B10000E306BE0C90903D0100900010D3065E0CB

:104B2000008801F01BFAE0635DE0480626D44020CF

:104B3000014361702078012300090001801C20706E

:104B40005AA000686A460221009014E0607880064E

:104B500002D42079002802D01009000146E0207814

:104B6000052300090001C01C207051A003C8019159

:104B70006A46009004212046FFF7D9FE1CBD21792A

:104B8000002902D0092915D02DE0617889062AD4A0

:104B90006179A279090289184184002000900123DB

:104BA0006A4634212046FFF7C2FE20780009000142

:104BB000001D1BE000231A46012111E02079002886

:104BC00016D16078800613D421460E225331601D21

:104BD000FFF75FF900280BD0224602236232002142

:104BE000204600F0D1FB20780009000120701CBD98

:104BF00000231A460221F3E77CB502780446110728

:104C0000090F40300B0007F0E3F805041245678CEC

:104C10006600607880065ED500231A460121204692

:104C2000FFF785FE207800090001401C92E06178C2

:104C30008B0602D42379002B1BD0BF23194061704F

:104C4000417CCB060AD500231A4633212046FFF7C4

:104C50006EFE2078000900010E307BE0C90903D008

:104C6000100900010D3075E0008801F077F9E0636C

:104C70006DE048062FD44020014361702078012365

:104C800000090001801C207008A000686A4602210B

:104C900000901DE06078800602D4207900280BD0B7

:104CA0001009000156E00000FFFF000001000000B5

:104CB0000100000000000000207805230009000129

:104CC000C01C2070FB486A4603C801910090042173

:104CD0002046FFF72CFE7CBD2179002902D009294E

:104CE0001BD034E06178890631D46179A2790B0256

:104CF0009B184384012383846D4629706A700020C9

:104D0000A870EB7004236A460C212046FFF70FFEC3

:104D1000207800090001001D1CE000231A46012133

:104D200012E0217900290CD16178890609D4418CDF

:104D300001222046FFF7C8FD2246042362320021EB

:104D400002E000231A460921204600F01DFB2078CE

:104D50000009000120707CBDFEB5044600782246A3

:104D60000107090F6432254601264035171F0B0045

:104D700007F02EF8070516508396ADF92C00207920

:104D8000002802D06078800620D500231A46012131

:104D90002046FFF7CCFD207800090001401C6AE0A6

:104DA0002179002913D161788B0610D44B0601D5E7

:104DB000322028E040231943000961700001801C63

:104DC0002070012302212046FFF7B1FDFEBD61786E

:104DD000BF2211406170697CCA0602D53A79002A67

:104DE00005D0C9090ED0000900010D3043E00023B1

:104DF0001A4633212046FFF79AFD2078000900016A

:104E00000E3038E0288801F0A9F8E0632078000926

:104E1000000130E02079002877D16078800674D4D2

:104E200038790123401C38710A21204600F0ACFA81

:104E3000697C38794A07520F90420AD300231A46F8

:104E400005212046FFF773FD207800090001001DB1

:104E500011E00907ACD50128AAD19648052303C85B

:104E6000019100906A4604212046FFF760FD2078FA

:104E700000090001C01C2070FEBD00090001207067

:104E800020790028F8D160788006F5D4A17960797E

:104E9000090240186946088002236A4603215AE045

:104EA000207900280FD1607880060CD40020009073

:104EB00001236A4634212046FFF739FD2078000996

:104EC0000001401DD7E700231A46052143E0207961

:104ED00000283DD1607880063AD420460E22611D1C

:104EE00053300AF08DF80E23621D0B21204600F08E

:104EF0004BFA002100206218403212793346834079

:104F00001A4203D1C900081809E027E0401CC0B2CA

:104F10000828F3D3491CC9B20D29EBD3664868842D

:104F2000E978884203D300231A46082113E0694632

:104F30000E70000A4870688C887003236A46062148

:104F40002046FFF7F4FC207800090001801D92E75D

:104F500000231A460721204600F016FA204600F0EA

:104F600004FAFEBDFFE72079002811D160788006A1

:104F70000ED4688C0223C1080919403140070A7910

:104F8000400F864032430A71224662320021E2E736

:104F900000231A460621DEE710B504460078000714

:104FA000000F16D0012840D0022829D003280FD1A5

:104FB000A06E4168002901D00020884700231A46CE

:104FC0001946204600F0E0F920780F2108432070B0

:104FD00010BD2079BF21002802D0607808406070A1

:104FE0006078420617D408406070C00908D00421D8

:104FF0002046FFF785FC207800090001801CE6E7C9

:1050000000231A4633212046FFF791FC207800093F

:105010000001C01CDBE74020005B00F09FFFE06365

:10502000207800090001401CD1E700231A46012125

:105030002046FFF77CFC207800090001C7E7F8B59F

:105040000446017860230807000F00220426802709

:10505000E518002818D0012838D0022813D1A879E3

:105060008006000F042860784DD03843607000201F

:1050700000F074FFE063A879FD210840A871207852

:10508000000900012070F8BDA8798006000F0428EF

:1050900014D069460B70801D48708F70CA7004234D

:1050A0006A4640212046FFF742FC207800090001B3

:1050B000401CE7E7B04C0000FFFF000068460370AB

:1050C00046708270C27004236A4613E0207900287B

:1050D00002D008090001D5E769460B704E70A87927

:1050E0008006000F41000120884069468870CA7020

:1050F00004236A4640212046FFF719FC2078000966

:105100000001801CBEE74006400EAFE770B50E46BA

:10511000040025D0207831010007000F08432070DB

:10512000204600F022F960782546800740350028A7

:1051300011DB012E1AD0A06E4168002910D0012089

:1051400088476078FB2108406070687C4006810FCA

:105150002046FFF7D5FB6078400703D4288802E09B

:10516000002070BD002000F0F9FEE063012070BD5A

:1051700070B50278D449044610070B78000F9842A6

:1051800000D00870214660318B79DD0709D0150702

:1051900007D16578ED0704D002252B435B085B003F

:1051A0008B719907EF25DF26002903DA2046FFF7E8

:1051B00046FF48E00D281AD00E280ED00F2816D032

:1051C0006078C00720462AD011090B0006F000FEC7

:1051D000073B392A2D3033363B00A06E4168002949

:1051E00001D00020884720780F21084310E0A06EEE

:1051F0000069002827D08047002824D020780109A2

:10520000042907D02046FFF781FF2078000900011C

:10521000207018E0002000F0A1FEE063F5E7FFF742

:10522000C8FB10E000F0BFF80DE0FFF741FC0AE01A

:10523000FFF792FD07E000F0F8F804E0FFF7DCFC70

:1052400001E0FFF7A9FE607828403040607070BD33

:1052500070B505001FD0A86E0068002800D08047F8

:105260002C4664204034E0700020A070607CEF2168

:105270000840802108439F2108404030C008C000FA

:10528000F721801D08406074FF20F5302080002148

:105290002846FFF73BFF70BD70B590B0040062D0A8

:1052A000E06B00F077FE002803D0607820210843EF

:1052B00036E0A06EC068002833D0A06EC168684692

:1052C000884700282DD0617810254A07002A01DB85

:1052D0002943617069460C2823D30878EF2820D130

:1052E000487801281DD18879072801D007208871C6

:1052F0004A7A2271087ACA790002104340BA032818

:105300000CD9C01EC6B2A06E007DB04206D932468E

:10531000601D0A3109F074FE392006556078284373

:1053200060706078C10609D4810607D42178CA4329

:10533000120703D00907090F0D2914D1F7210840DE

:105340006070FF20F53000F009FEE06360784107EF

:1053500006D4042108436070002000F0FFFDE063E4

:105360002046FFF705FF10B070BD014662310022F4

:105370000A804A804178CF23194041700178090999

:105380000901017082707047F0B4C46E15460E4674

:10539000002C05D029463046A446F0BC1A4660478A

:1053A000F0BC0020704770B5044600780007000F7D

:1053B00023D0012820D125464035288800F0CEFD95

:1053C000E06320780109090121706078820602D427

:1053D0002279002A25D0BF2210406070687CC20666

:1053E00019D500231A4633212046FFF7A0FA20786A

:1053F000000900010E30207070BD60788006FBD57A

:1054000000231A4601212046FFF791FA207800096F

:105410000001401CEFE7C009EED0080900010D3083

:10542000E9E740210843607070BD38B50446007854

:10543000264A01072046090F4030002905D00129DE

:1054400040D1217900291BD032E0418C914203D117

:1054500000231A460D210BE00A0A6B461A70597098

:10546000818C6A46090A9970808CD87004230C21BB

:105470002046FFF75CFA207800090001401C20E07C

:105480006178890614D4418C808C914207D1C2B2D4

:105490002046FFF719FA00231A460C210BE0C2B28E

:1054A0002046FFF711FA224604236232002102E06F

:1054B00000231A4609212046FFF766FF20780009DD

:1054C0000001207038BD000095000020FFFF0000A3

:1054D00070B5402900D940210023FB4D08E01E078C

:1054E000360FC45CAE5D7440E443D4545B1CDBB245

:1054F0008B42F4D3012070BDFFB5A1B06C46EF2103

:105500002170AA2161701E462299A170310AE170B2

:105510002671641D13460546002A07D0002E05D0CB

:1055200032461946204609F06BFDA4196846211A37

:10553000891EC9B2801C00F0FFFB20706878641CD3

:10554000C00622D5402110A806F055FB0836F1B25E

:105550002091491F6846CFB210AE01783170417872

:1055600071700021B170F77011AA3946801CFFF7E5

:10557000AFFF3946301D00F0DFFBF119087110A9AB

:105580006846A41C209A09F03BFDA86E816800299A

:105590000CD02299A9716946611A8268C9B268461D

:1055A00090475020405B00F0D9FCE86425B0F0BD86

:1055B00010B504001AD00020606660789F22104069

:1055C00060700901C0B22170800709D4A06E4168E3

:1055D00000290BD0012088476078FB2108406070CB

:1055E0006078400704D47D20C00002E0002010BD98

:1055F000002000F0B3FCE064012010BD1CB504469F

:1056000000780007000F15D021464031012831D025

:1056100005280ED1A078002846D0012809D1E078CD

:10562000002806D12079012803D1088A00F096FCD1

:10563000E0641CBD60784106FBD5C0060ED4A3A073

:1056400003C80191009005236A4650212046FFF7C8

:1056500053FF607810210843607005E000231A466C

:1056600010212046FFF748FF207800090001401C68

:1056700020701CBDE078002807D0088A00F06EFC7E

:10568000E064207800090001F2E720780223000995

:105690000001401D20708FA0006800906A46122112

:1056A0002046FFF729FF1CBDE078002807D0E36EF5

:1056B0000D2811D0002211460D2098471CBDA07A5C

:1056C000617A0002401869460880E36E002BF5D02D

:1056D0000222104698471CBD002211460E20ECE71E

:1056E0001CB5044600780007000F18D0234640334D

:1056F000012833D021466431052846D006280DD133

:10570000E36E002B06D0E07800286FD0002211460F

:105710000C20984720780009000120701CBD60789B

:105720004106FBD5C0060ED468A003C801910090C5

:1057300005236A4650212046FFF7DEFE60781021DF

:105740000843607005E000231A4610212046FFF749

:10575000D3FE207800090001401CDEE7E078002835

:1057600004D0188A00F0FAFBE064D3E72078022323

:1057700000090001401D207056A0006800906A4694

:1057800012212046FFF7B8FE1CBDA07800280CD0DF

:105790000128F9D1E0780028F6D120790128F3D149

:1057A000188A00F0DBFBE0641CBDA07A627A00027C

:1057B000801882B2E078002807D0E36E0D2810D060

:1057C000002211460D2098471CBD9A840A460223E8

:1057D00020212046FFF790FE207800090001801D5F

:1057E0009BE7002211460E20EDE7FFE7022208208A

:1057F0008FE71CB5044600780107090F17D0204633

:105800004030012933D0052940D006290ED1A17896

:10581000002963D0012909D1E178002906D1217935

:10582000012903D1008A00F099FBE0641CBD607877

:105830004106FBD5C0060ED424A003C801910090F8

:1058400005236A4650212046FFF756FE6078102156

:105850000843607005E000231A4610212046FFF738

:105860004BFE207800090001401C20701CBDE1782F

:1058700000290ED12078012300090001401D20706D

:1058800015A000686A46FE21009019E0E178002921

:1058900007D0008A00F062FBE06420780009000174

:1058A000E3E72078082100090001801D207060785E

:1058B00002230843607007A000686A461221009026

:1058C0002046FFF719FE1CBD34C40000FA143572DF

:1058D000020000000005000001000000E178082936

:1058E00015D0A17A627A090289188184008A00F0B1

:1058F00035FBE0642078000900012070E36E002B86

:10590000E1D002222146643110469847DBE7008A45

:1059100000F024FBE0642078000900012070E36EB1

:10592000002BD0D0002211460D20EEE7FEB5044634

:105930000078224601076432090F26464036171FB9

:10594000FA4D00920B0006F043FA080525335BAAD6

:10595000D3FEFC24607841061BD5C0060ED4F44863

:10596000052303C8019100906A4650212046FFF7A5

:10597000C3FD607810210843607005E000231A46DB

:1059800010212046FFF7B8FD207800090001401CD7

:105990002070FEBDE07800280DD100231A46232197

:1059A0002046FFF7A9FD207800090001801CEFE7E1

:1059B000E178002907D0308A00F0D0FAE06420783E

:1059C00000090001E4E700090001C01C2070D7486D

:1059D0002821203806F00FF901206870B878D34AE2

:1059E000C007C00FA870787828230107C90FE97095

:1059F00000092871203A26212046FFF77DFDFEBDD3

:105A0000A17800293ED1E1780029F8D1B978019137

:105A1000C90713D0308A00F0A1FAE06420780009A9

:105A200000012070A07A617A00024018B084E36E11

:105A3000002BE4D002220320009921E0000900019C

:105A4000001D2070B9482821203806F0D4F8102015

:105A500068700198B54AC007C00FA87078782823ED

:105A60000107C90FE97000092871203A2621204654

:105A7000FFF742FDE36E002BC1D000221146042047

:105A80009847FEBD0129FCD1E0780028F9D12079A2

:105A90000128F6D1308A00F061FAE064FEBDA178F9

:105AA0000029EFD1E1780029F8D100090001401D5B

:105AB00020709E482821203806F09DF80820687044

:105AC000B8789A4AC007C00FA870787828230107D1

:105AD000C90FE97000092871203A26212046FFF7F6

:105AE0000BFDE36E002BD9D0002211460520C7E73D

:105AF000A1780029C6D1E1780029CFD100090001A1

:105B0000801D207089482821203806F074F8042070

:105B10006870B878854AC007C00FA87078782823C5

:105B20000107C90FE97000092871203A2621204693

:105B3000FFF7E2FCE36E002BB0D0002211460620F6

:105B40009EE729E0FFE7A17800299BD1E1780029B1

:105B5000A4D100090001C01D2070744828212038FC

:105B600006F049F802206870B878704AC007C00F84

:105B7000A870787828230107C90FE97000092871F7

:105B8000203A26212046FFF7B7FCE36E002B85D094

:105B900000221146072073E7A078002803D00128CF

:105BA00000D171E7FEBDE078002800D132E7FEBDEC

:105BB0007CB50446007803071B0F12D0204621460F

:105BC00040305C4A6431012B2AD0022B50D1E36E65

:105BD000002B49D0E579002D3CD0002211460C2045

:105BE00041E06078410643D5C0060ED450480523F5

:105BF00003C8019100906A4650212046FFF77CFCC3

:105C0000607810210843607005E000231A461021D7

:105C10002046FFF771FC207800090001401C26E0B7

:105C2000E378002B04D0008A00F098F9E0641BE0D0

:105C3000808C904203D100231A46212102E00223E6

:105C40000A4620212046FFF757FC20780009000172

:105C5000801C0CE0808C904203D100221146092068

:105C600001E00222082098472078000900012070F6

:105C70007CBD10B504001FD0A06E0068002800D0C5

:105C800080472246642140322046D17460304178FA

:105C90000823C908C900491D19430907090FA03184

:105CA00041708178012319438170FF20F530108203

:105CB00000212046FFF77CFC10BD10B590B0040019

:105CC00032D0E06C00F066F900280AD06078410715

:105CD00002D4042108436070C0B2402108436070C0

:105CE00017E0A06EC068002813D0A06EC168684697

:105CF000884702000DD06946204600F02AF80028A7

:105D000007D06078202108436070002000F026F959

:105D1000E0646078810604D4400605D52078000749

:105D200002D1204600F058F810B010BD580A0020EB

:105D3000CC580000FFFF0000034610B500200246CB

:105D400004E01C78521C6040D2B25B1C8A42F8D33B

:105D5000EBE770B50446087890B016460D46EF287C

:105D60001BD16878AA2818D14021684605F043FF66

:105D70006078C00605D5E9786A46281DFFF7A8FBBC

:105D800004E03246A91C684609F03AF968460078F2

:105D9000A070002804D0012817D0002010B070BDDA

:105DA0006846C078607168460079E070684680781F

:105DB00002280FD9801EC5B2204601A92A46093003

:105DC000013109F01DF9257204E06846C0782071A0

:105DD0000020E0700120E1E710B5044600780109D9

:105DE0000B0005F0F5FF08052A09161E22261A38B1

:105DF000204600F035F82EE00007000F2BD1607828

:105E0000400628D501212046FFF7D2FB0021E1669C

:105E100021E02046FFF7F2FB1DE02046FFF760FC83

:105E200019E02046FFF7E5FC15E02046FFF77EFD70

:105E300011E02046FFF7BCFE0DE00007000F0AD17D

:105E4000A06E4168002901D0002088472078000911

:105E50000001401C207060789F210840607064E75A

:105E60001FB5044600780107090F0ED001290BD198

:105E7000E17800291ED05020005B00F06FF8E0644C

:105E800020780009000120701FBD6078410601D410

:105E90008006F9D50FA00FC803936B4607C31023E4

:105EA0006A4652212046FFF727FB207800090001AF

:105EB000401CE8E7000900012070E36E002BE3D0EE

:105EC000607801210843214660700F225231012081

:105ED00098471FBD000102030405060708090A0BC5

:105EE0000C0D0E0F43490860704710B542484168D9

:105EF000491C416002F0FDFD10BD10B500210120DC

:105F000000F070F810BD7FB53B4D29780124844026

:105F1000214216D1002802D001280FD10BE03748CA

:105F20006E460FC80FC66846FBF7C1FF1421281D37

:105F300005F061FE02E03248FDF7DDFA28782043E3

:105F400028707FBD1FB5002807D02C486C46103044

:105F50000FC80FC46846FBF7AAFF1FBD2649421CA5

:105F600002D04968081870474868704710B5144651

:105F70000B4600280DD11046FFF7F0FF02461E48E1

:105F8000D9000818C260002C01D0012100E00021D6

:105F9000017210BD18494968081A1A49884201D28D

:105FA000012070470020704770B5FDF7A0FA00246B

:105FB000114D2646E0004219107A002809D0D06819

:105FC000FFF7E8FF002804D016722146002000F0F9

:105FD00009F8641CE4B2022CECD3002070BD064822

:105FE00040687047034A1268002A00D0104700201A

:105FF0007047000098000020600A002044C40000A0

:10600000FB5E0000FFFFFF7F6B4908607047F8B53B

:10601000002000F0C9F8002829D00020FBF762FF1B

:106020000120FBF75FFF0020FDF7EFF90120FDF7EE

:10603000ECF9624F614E624C04258037FDF757FA48

:10604000306960490840401C3061386B0002FCD563

:1060500020682843206030BF306908403061386BC9

:106060000002FCD5012000F09FF80028E6D0F8BD22

:1060700010B5002204210120FBF7C2FB00230222FD

:1060800004210120FBF7B8FB012100220846FBF7A1

:10609000B7FB002301211A460846FBF7ADFB00229F

:1060A00009211046FBF7ACFB002302220921184608

:1060B000FBF7A2FB002202210320FBF7A1FB022237

:1060C000002311460320FBF797FB0321002208461B

:1060D000FBF796FB0321002302220846FBF78CFB0B

:1060E00000220E210220FBF78BFB022200230E214F

:1060F0001046FBF781FB002211460120FBF780FBD5

:106100000023022219460120FBF776FB00220D2115

:106110000220FBF775FB022200230D211046FBF73E

:106120006BFB012204210220FBF76AFB0222002301

:1061300004211046FBF760FB012208210020FBF739

:106140005FFB0023022208211846FBF755FB0122C2

:1061500009210220FBF754FB0222002309211046EB

:10616000FBF74AFB01220A210220FBF749FB02222E

:1061700000230A211046FBF73FFB022101220846BB

:10618000FBF73EFB0222002311461046FBF734FBCF

:10619000012203210220FBF733FB0222002303210B

:1061A0001046FBF729FB10BD03490968002900D000

:1061B00008470020704700009C00002000000150AC

:1061C00010ED00E000FDFFFF0F490978884201D182

:1061D000012070470020704710B500F0E7F810BDAF

:1061E00010B5094800F00BF9002800D0012010BDBF

:1061F00010B5054AFF21117000F085F810BD10B5EB

:1062000000F025F910BD0000A000002010B51346D5

:106210000A460146D648FDF76CFD04000DD0D5486E

:106220000068052807D3FAF79CFD01462346D2A251

:10623000D6A005F0A1FD002010BD012010BD134621

:106240000A4610B50146CA48FDF797FD04000DD077

:10625000C8480068052807D3FAF783FD014623469E

:10626000C5A2CAA005F088FD002010BD012010BD08

:10627000F8B50600D048BF4D006800900DD0002250

:1062800002210120FBF7BCFA0120FAF7D5FC01221C

:1062900002211046FBF7B4FA10E000246F466000BC

:1062A000C1194978385C00F0FBF8002820D01E2086

:1062B000FAF7B6FC641CE4B2022CF0D3642401208B

:1062C000FAF7BAFCAA48FDF7B4FD002819D0204619

:1062D000641EE4B20028F2D12868052806D3FAF734

:1062E00040FD01463246B5A005F046FD0020F8BD50

:1062F00028680528FAD3FAF734FD01462246BBA0E8

:10630000F2E70120F8BD10B504469A480068052858

:1063100007D3FAF726FD964A01463432C0A005F0AD

:106320002BFDC74B1878C10701D0012010BD0121FA

:106330000843002159708121084018700E2221461F

:10634000981C08F05DFE8A48FDF7F6FB002202214A

:106350000120FBF755FA0222002311460120FBF72A

:106360004BFA012207210220FBF74AFA00231A46C2

:1063700007210220FBF740FA012206211046FBF715

:106380003FFA0122002306211046FBF735FA0122CD

:1063900005211046FBF734FA01220023052110469F

:1063A000FBF72AFA012000F081F810BD38B58248C9

:1063B00001224068009007210220FBF740FA0721E4

:1063C0000220FBF732FD00246D4660004119497838

:1063D000285C00F065F8002805D0641CE4B2022CAB

:1063E000F3D3012038BD634800680528F9D3FAF7D4

:1063F000B8FC0146224693A005F0BEFCF1E738B593

:106400000446192000F05CF800281ED102226946DB

:106410001046FFF714FF0100894813D00021417096

:1064200068460288D00704D0480063490C31085CF4

:1064300005E0491C5208C9B20E29F3D3FF20207091

:10644000012038BD4178491C4170002038BD10B58D

:1064500007210220FBF7CDFC002809D007210220EC

:10646000FBF7E3FC07210220FBF7DAF9002801D053

:10647000002010BD012010BD10B5024606210120EC

:10648000FBF7BEF910BD10B5024605210120FBF750

:10649000B7F910BD10B505210120FBF7C1F910BDFA

:1064A00013B5012201A9FFF7B1FE1CBD10B5FFF71E

:1064B000DFFE002803D06248801C00F02DF810BDDC

:1064C00038B55F4C81256178142911D221784A06AC

:1064D000920E824216D329402170012269460A2079

:1064E000FFF7ADFE00280CD068460078C00708D042

:1064F000207828402070002060700120FFF7D6FF30

:10650000012038BD0720C14101208006081819214B

:10651000C8412070002038BD70B5154988B00646C6

:106520001C221831684608F06BFD00246D4660009F

:1065300041194978285CFFF7B3FF00280AD0641C92

:10654000E4B20E2CF3D30E2231462020FFF75EFE7C

:1065500008B070BD07480068052806D3FAF701FCAB

:106560000146224643A005F007FC0020F0E70000AA

:106570008CC400003C0000204932432077726974CB

:1065800065207061636B6574000000001B5B313B2C

:1065900033376D5B25735D20284754583331344CB5

:1065A00029204661696C5B25735D3A20636F6465E1

:1065B0005B25755D0D0A000064C400001B5B313B68

:1065C00033376D5B25735D20284754583331344C85

:1065D00029204661696C3A20746F75636820726582

:1065E0007365745B25755D0D0A0000001B5B313B14

:1065F00033376D5B25735D20284754583331344C55

:1066000029204661696C3A20746F75636820736F46

:1066100066742072657365745B25755D0D0A0000F4

:106620001B5B313B33376D5B25735D202847545826

:106630003331344C29205B25735D0D0A00000000C6

:10664000780A00201B5B313B33376D5B25735D207F

:10665000284754583331344C29204661696C3A201C

:10666000746F75636820736C6565705B25755D0D6F

:106670000A0000001B5B313B33376D5B25735D20E7

:10668000284754583331344C29204661696C3A20EC

:10669000746F7563682077726974652070617261C8

:1066A0006D657465725B25755D0D0A00012210B57C

:1066B00011461046FBF7A4F8002301211A460846AC

:1066C000FBF79AF801210846FBF7AAF819490028B8

:1066D000086001D0012200E0002201210846FBF7FA

:1066E000AEF801210846FBF7A0FB10BD10B5012153

:1066F0000846FBF795F80F490968884201D1012047

:1067000010BD002010BD10B501210846FBF771FB3C

:1067100000280DD001210846FBF787FB0121084620

:10672000FBF77EF803490968884201D1012010BDBA

:10673000002010BDA400002070B50D4606460024C0

:1067400005E060028019FAF71DFB641CA4B2AC429C

:10675000F7D3012070BD70B514460D460646FAF712

:1067600011FB224629463046FAF726FB70BD10B5CC

:10677000FAF715FB012010BD10B5FAF71DFB01203B

:1067800010BD70B5064D0028286007D00024296888

:1067900020468847641C2406240EF8D070BD0000F3

:1067A000A80000203EB510468C681D460C226946A4

:1067B000A047002814D05C49009888420FD1684651

:1067C000008900280BD069020C39884207D80A21B9

:1067D0006846FDF751FB69464989814201D0002096

:1067E0003EBD01203EBDF8B505000C4621D0002C71

:1067F0001FD0237D2846E268FFF7D4FF0090237D59

:10680000214628462269FFF7CDFF07462046E1686A

:1068100000F07FF806462046216900F07AF80099DA

:1068200000290BD0002F06D0864204D221692960AE

:1068300009E00020F8BDE06841C505E0002FF5D172

:10684000E0682860002068600120F8BDFFB583B0D3

:106850001F460C46050009D00598002806D0002FD9

:1068600004D0A18A48020C38B84202D2002007B0F6

:10687000F0BD2868E668B04200D12669226830463B

:1068800090470028F3D0636830463A460C300599AB

:1068900098470028EBD02448009068686946401C5F

:1068A00001900F810A216846FDF7E6FA69464881A2

:1068B00063680C22304698470028D8D02E60019893

:1068C00068600120D3E7FEB51E46174604000D465A

:1068D00013D0002F11D02B7D20462268FFF762FFD6

:1068E00000280BD0AB6820680C2269469847002826

:1068F00004D068460089B04201D20020FEBD206865

:10690000AB68324639460C3098470028F6D0012053

:10691000FEBD3EB50C4683680C226946204698476A

:10692000002800D001983EBD55AA55AA10B50A49C5

:106930000A48FFF758FF10BD10B50B46024606493E

:106940000648FFF783FF10BD10B50B46024602490B

:106950000248FFF7B8FF10BDCCC40000AC00002017

:10696000F8B5514D2868052806D3FAF7FAF901461B

:106970003F224EA005F000FAFF223F21544805F0C7

:1069800033F9FFF7D3FF3F215148FFF7DDFF002424

:106990004F48A1000E18301D05F038F907460C20AD

:1069A0004C4960434518284605F030F9874204D326

:1069B000281D05F02BF9874206D92846083005F036

:1069C00025F9311D05F02CF93748006805280BD34F

:1069D000301D05F01BF90546FAF7C3F901462B46B1

:1069E00022463DA005F0C8F9641CE4B2022CCFD3C6

:1069F000374D3B21281DFDF73FFA0446284605F098

:106A000005F9A0421DD028490968052908D3064682

:106A1000FAF7A7F90146334622463CA005F0ACF947

:106A20002C4E00240C2060438019083005F0EEF84D

:106A3000A1004919091D05F0F3F8641CE4B2022C09

:106A4000F0D30120F8BD70B50C460546202901D9C8

:106A5000002070BD1E4820210E30064605F0CBF800

:106A600022462946304608F0CBFA194801214473E2

:106A700001733B21001DFDF7FFF9154905F0D0F822

:106A80003F211348FFF758FF70BD10B5104C217B14

:106A9000012901D0002010BD0D49627B0E3108F0A4

:106AA000AFFA607B10BD00003C0000201B5B313B57

:106AB00033376D5B25735D2028706172616D7329BA

:106AC00020496E69743A205B25755D0D0A0000004F

:106AD000880A0020E4C400001B5B313B33376D5B48

:106AE00025735D2028706172616D73292072656164

:106AF000643A20696E6465785B25755D2C2076614B

:106B00006C75655B25755D0D0A0000001B5B313BF4

:106B100033376D5B25735D2028706172616D732959

:106B2000204661696C3A2073756D5B2530345820BE

:106B30007C20253034585D0D0A00000010B504009B

:106B400009D020688047616801208847A16800203B

:106B50008847012010BD002010BDF3B581B00400AE

:106B60001DD00027A1683846884700258026029856

:106B7000EE40304000D00120E1688847A168012044

:106B8000884720698047002800D03743A16800204B

:106B900088476D1CEDB2082DE8D33846FEBDFF20B6

:106BA000FEBD70B515460E46040010D06368002087

:106BB000984731462046FFF7D0FFFF212046FFF7D8

:106BC000CCFF2870616801208847012070BD00203B

:106BD00070BD70B516460D4604000FD061680020E8

:106BE000884729462046FFF7B8FF31462046FFF781

:106BF000B4FF616801208847012070BD002070BD8E

:106C00000020401C80B22728FBD3704710B501221A

:106C10000A210220FAF7F4FD022200230A2110467D

:106C2000FAF7EAFD10BD70B5044601220A210220E0

:106C3000FAF7E6FD022200230A211046FAF7DCFDEE

:106C4000384D2846F9F767FC00220A210220FAF79E

:106C5000D7FDFFF7D5FFE00701D0012200E00022B9

:106C60000A210220FAF7CCFDFFF7CAFFA00701D5E1

:106C7000012200E000220A210220FAF7C1FDFFF7FD

:106C8000BFFF600701D5012200E000220A21022097

:106C9000FAF7B6FDFFF7B4FF200701D5012200E0A7

:106CA00000220A210220FAF7ABFDFFF7A9FFE00658

:106CB00001D5012200E000220A210220FAF7A0FDFE

:106CC000FFF79EFFA00601D5012200E000220A2165

:106CD0000220FAF795FDFFF793FF600601D5012228

:106CE00000E000220A210220FAF78AFDFFF788FF60

:106CF000200601D5012200E000220A210220FAF735

:106D00007FFDFFF77DFF01220A210220FAF778FDBF

:106D1000FFF776FFFFF774FF2846F9F7F3FB002033

:106D200070BD000000C00040FF228307DB0E9A40C8

:106D30008907090E9940002808DB8308B5489B00A5

:106D40001818036893430B43036070470007000F54

:106D500008388308B0489B001818C36993430B4355

:106D6000C361704710B5AD490968002900D0884754

:106D7000012010BD10B5A94C241DE07832280CD399

:106D80000121A748F9F716FC012200210220FAF799

:106D900056FD00202071E070607010BDFFB5044604

:106DA000A04881B01F460D46844201D11C2000E05E

:106DB0001E20F9F7E6F99C4E314604F0FFFE7843B9

:106DC00071104018314604F0F9FE00212161002DB8

:106DD00006D0012D06D0022D06D0032D06D006E0E8

:106DE000A06104E0E06102E0206200E06062294608

:106DF0002046039AF9F792FB60680221084360601D

:106E000005B0F0BDF8B572B68848F9F75BFE874C5F

:106E10000025834E241F002816D001222146201D64

:106E2000F9F79FFE62B60127A77081486570016877

:106E300002229143016000213046F9F7BDFB376023

:106E40003046F9F75FFBF8BD62B6A57065700021AA

:106E50003046F9F7AFFBF8BD10B50222002301213F

:106E60001046FAF7C9FC724908680222104308600C

:106E70006E484021443804F0BEFE6C480024001FD8

:106E8000847040224470811A001DF9F713FE00231C

:106E9000012219460220FAF7AFFC0122002102204C

:106EA000FAF7AEFC012200210220FAF7C8FC01210A

:106EB0001420FFF739FF142000F0A2F85748001DF6

:106EC000047110BD70B5044654480160FFF7C4FF5B

:106ED000002C22D0574960084018214604F06EFE6D

:106EE0004F4E05460346032200213046FFF756FF6A

:106EF00000213046F9F75EFB2B4603220121304684

:106F0000FFF74CFF01213046F9F754FB0021072021

:106F1000FFF70AFF072000F073F8474800680428CD

:106F200006D3F9F71EFF0146224644A004F024FFD1

:106F300070BD70B53A4E0C46054600213046F9F753

:106F400039FB3A480021001F8170002C04D13848D9

:106F5000016802229143016000232A460121022098

:106F6000FAF74AFC00210220FAF7A0FE0121304680

:106F7000F9F720FB002C01D0012200E000220021C3

:106F80000220FAF73DFC00232A4619460220FAF7B0

:106F900033FC29480068042807D3F9F7E2FE0146CC

:106FA00023462A4633A004F0E7FE70BDF8B5164626

:106FB0000F0004D0002E02D000252C4613E0002044

:106FC000F8BD72B6385D6946087001221748F9F7B6

:106FD0008FFD012800D00020002800D06D1C62B673

:106FE000002802D0641CB442EBD31048001F807804

:106FF000002803D1002D01D0FFF704FF2846F8BD7B

:10700000002805DBC106C90E012088402949086017

:107010007047000000E400E000ED00E0B400002054

:107020000000014000C00040102700000C0B0020B1

:107030000080005000E1F5053C0000201B5B313B67

:1070400033326D5B25735D2028736F66745F7561E5

:1070500072742920736F66745F756172743220696F

:107060006E69743A2062617564726174653D25646D

:107070000D0A00001B5B313B33326D5B25735D20D5

:1070800028736F66745F756172742920736F6674FC

:107090005F756172743220736C6565703A206D6F34

:1070A00064653D25642C206C6576656C3D25640D1A

:1070B0000A00000000E100E0F8B55A4805685A4FA0

:1070C000A8070024002810DA5649022008607868D2

:1070D000564EC2073179D20F00291AD030460078B7

:1070E000012925D0022941D03471E80753D04D48F9

:1070F000012101604E498A78012A4CD14A780B78E7

:10710000521CD2B2082A47D8501EC340D8074DD1CE

:107110003CE0002A07D0F078FF2801D2401CF07034

:10712000FFF728FEE1E7012030717470347026E02B

:107130007178491CC9B27170002A04D04A1E01231B

:107140009340184303E04A1E012393409843307054

:107150000829CAD3142000F05CF87869C008C00080

:10716000401C786102203071B470BEE7B178491CD0

:10717000C9B2B170002A04D0FFF7F4FD03E0F47047

:10718000B3E70329B1D334717470F8E73B68022088

:1071900083433B604A70F8BD092A07D00A2A4C7025

:1071A00008D08C700021F9F705FAF8BD3B68022081

:1071B0000343EEE7FFF726FEF8BD10B500210220DD

:1071C000FAF717FE002823D0142000F022F8164802

:1071D0004169C908C900416100210220FAF725FE72

:1071E000104CE1694908A1600321616060690028D1

:1071F00004D1032201212046F9F790F902202060F2

:107200000A48012101710021417001708170C17033

:1072100010BD002805DBC106C90E012088400549C4

:10722000086070470000014000800050B800002056

:10723000080B002000E100E010B55B48FFF77EFC82

:10724000002811D0002302220A211846FAF7D4FAA6

:1072500001220A210020FAF7D3FA01230022032198

:107260001846FAF7C9FA012010BD0A46800610B583

:10727000410E4D48FFF7ADFC10BD0A46400080218D

:10728000084310B5C1B24848FFF78BFC10BDF8B5F4

:107290000C46154606466946FFF7EFFF00280BD05F

:1072A00069460878002D01D0204300E0A043087013

:1072B000C1B23046FFF7D9FFF8BD08B56946FFF700

:1072C000DCFF002801D06846007808BDF8B51546F7

:1072D0000E460746002405E031193846FFF7CDFF7A

:1072E000641CE4B2AC42F7D30120F8BDF8B51546F2

:1072F0000E460746002405E0315D3846FFF7B5FF2E

:10730000641CE4B2AC42F7D30120F8BD10B5F9F724

:1073100093FC10BD10B50023022204210320FAF7CC

:107320006BFA012204210320FAF76AFA00230222F1

:1073300005210320FAF760FA012205210320FAF75C

:107340005FFA0023022206210320FAF755FA0122F0

:1073500006210320FAF754FA002301220721032013

:10736000FAF74AFA012207210320FAF749FA10BD79

:1073700010B5024604210320FAF742FA10BD10B5F9

:10738000024605210320FAF73BFA10BD10B502466C

:1073900006210320FAF734FA10BD10B507210320A7

:1073A000FAF73EFA10BD0000FCC4000010B50A4612

:1073B00001460920FFF78AFF10BD0A4610B50146B5

:1073C0000920FFF793FF10BD10B50C468030C1B205

:1073D0000F20FFF74AFF21460F20FFF74EFF012045

:1073E00010BD10B50C464030C1B20F20FFF73DFF75

:1073F000C034E1B20F20FFF738FF012010BD10B5F7

:10740000002807D0012807D0022811D0032817D060

:10741000002010BD002214E0012211461420FFF7C5

:1074200036FF00220AE01420FFF731FF012010BDD3

:10743000002201211420FFF72AFF01220221F2E796

:1074400001220321EFE710B50F210120FFF70DFF07

:107450000120FFF75BFF0120FFF72FFF202801D05D

:10746000002010BD012010BD10B500220A211046D9

:10747000FAF7C6F90120FFF749FF01220A2100208F

:10748000FAF7BEF90120FFF741FF10BD08B56946C4

:107490003720FFF7F2FE00280FD045480068052886

:1074A00007D3F9F75EFC01466846027841A004F074

:1074B00063FC68460078A22801D0002008BD0120A6

:1074C00008BDF7B50446002682B0154631460120B6

:1074D000FFF7CBFE80210A20FFF7C7FE07210D2012

:1074E000FFF7C3FE21460920FFF7BFFE0C21012054

:1074F000FFF7BBFE87210D20FFF7B7FE039800279B

:1075000000283AD0002D38D0684607700A24694612

:107510000A20FFF7B2FE68460078002825D06846AA

:1075200001780398FFF742FF684604780C20641E38

:10753000FFF7C3FEE117490F40070919400FC910B3

:10754000401828701A480068052806D3F9F709FC86

:1075500001462A7823A004F00FFC68460278052033

:107560000399F9F77DFB012607E06420F9F758FB42

:107570002046641EE4B20028C9D100210120FFF793

:1075800074FE80210D20FFF770FE68460770694683

:107590000D20FFF772FE68460078C109C9016846F0

:1075A00001700D20FFF761FE304605B0F0BD000010

:1075B0003C0000201B5B313B33376D5B25735D2046

:1075C00028464D313736323229204E464320494332

:1075D0002056657273696F6E3A20253032580D0A55

:1075E000000000001B5B313B33376D5B25735D2072

:1075F00028464D31373632322920704F75744C652C

:107600006E6269745B25755D0D0A000010B5044655

:1076100059480068052806D3F9F7A3FB014622461E

:1076200056A004F0A9FB012C05D001220A2100205C

:10763000FAF7E6F810BD0022F8E770B50C460546EB

:1076400014212420FFF7CDFE3A212520FFF7C9FEA3

:1076500002213A20FFF7C5FEA906890E3320FFF765

:10766000C0FE30213C20FFF7BCFEA10934202431AC

:10767000FFF7B7FEA106890E3520FFF7B2FE1021F5

:107680003D20FFF7AEFE32213E20FFF7AAFE0D217E

:107690003F20FFF7A6FE14213720FFF7A2FE1A2194

:1076A0003820FFF79EFE22213920FFF79AFE32484C

:1076B0000068052805D3F9F754FB014639A004F00A

:1076C0005BFB0120FFF7A2FF012203211046FAF71E

:1076D000B6F803210120FAF7A8FB002070BD10B511

:1076E00003210120FAF785FB00281CD00522032185

:1076F0000120FAF7A4F803210120FAF796FB1E4CAB

:107700002068052805D3F9F72CFB014630A004F0CA

:1077100033FB03210120FAF788FB03210120FAF74C

:107720007FF8002801D0002010BD2068052805D36F

:10773000F9F717FB01462EA004F01EFB012010BD37

:1077400038B505460C460020FFF760FF69463B2030

:10775000FFF73AFE684601783B20FFF742FE684695

:1077600002781007800F01D1900703D5002C01D0BB

:107770002846A047012038BD3C0000201B5B313B60

:1077800033376D5B25735D20284C50434429204CD2

:1077900050434420656E61626C655B25755D0D0A22

:1077A000000000001B5B313B33376D5B25735D20B0

:1077B000284C5043442920537563636573733A2002

:1077C000456E746572204C5043440D0A0000000061

:1077D0001B5B313B33376D5B25735D20284C504379

:1077E0004429204C5043442077616B650D0A00000A

:1077F0001B5B313B33376D5B25735D20284C504359

:107800004429204C504344204952510D0A000000A5

:10781000FFB5F34D81B028681F4614460E46052873

:1078200005D3F9F79EFA0146EEA004F0A5FA04226A

:1078300039460520F9F714FA2868052805D3F9F721

:1078400090FA0146EFA004F097FA0622214605209F

:10785000F9F706FA00210820FFF707FD8021122022

:10786000FFF703FD80211320FFF7FFFC002101201B

:10787000FFF7FBFC80210A20FFF7F7FC09200199A4

:10788000FFF7F3FCB006010E0920FFF7EEFC2178AC

:107890000920FFF7EAFC61780920FFF7E6FCA178F0

:1078A0000920FFF7E2FCE1780920FFF7DEFC2179EF

:1078B0000920FFF7DAFC61790920FFF7D6FCDA4CE2

:1078C0000920A178FFF7D1FCE1780920FFF7CDFC72

:1078D00021790920FFF7C9FC61790920FFF7C5FC70

:1078E0000E210120FFF7C1FC80210D20FFF7BDFC18

:1078F00064246420F9F794F969460820FFF7BDFC79

:107900006846007800070BD52868052805D3F9F7E5

:1079100028FA0146C5A004F02FFA002005B0F0BDFA

:107920002046641EE4B20028E3D12868052805D368

:10793000F9F717FA0146C8A004F01EFAE120EDE7B6

:10794000F8B50E46044680211220FFF78EFC8021F8

:107950001320FFF78AFC00210120FFF786FC80211D

:107960000A20FFF782FC30210920FFF77EFC214628

:107970000920FFF77AFC0C210120FFF776FC80211B

:107980000D20FFF772FC964D64246420F9F748F946

:1079900069460A20FFF771FC6846007810280FD06E

:1079A0002046641EE4B20028EFD12868052805D3DC

:1079B000F9F7D7F90146B3A004F0DEF9F420F8BDD9

:1079C00010213046FFF7F2FC2868052805D3F9F7A7

:1079D000C8F90146B7A004F0CFF90020F8BDF8B50A

:1079E0000E46044680211220FFF73FFC00211320A1

:1079F000FFF73BFC00210120FFF737FC80210A2024

:107A0000FFF733FCA0210920FFF72FFC21460920B6

:107A1000FFF72BFC0C210120FFF727FC80210D2014

:107A2000FFF723FC6E4D64246420F9F7F9F8002C6D

:107A30001DD0641EE4B269460A20FFF71EFC6846AA

:107A400000780028F0D069460920FFF716FC286866

:107A5000052807D3F9F785F9014668460278A2A000

:107A600004F08AF9684600780A2808D03BE02868C4

:107A7000052841D3F9F775F90146A5A03AE0802120

:107A80000A20FFF7F2FB10213046FFF796FC0C218D

:107A90000120FFF7EAFB80210D20FFF7E6FB6424BD

:107AA0006420F9F7BDF869460A20FFF7E6FB68464F

:107AB0000078012812D169460920FFF7DEFB28680B

:107AC000052807D3F9F74DF90146684602789DA0CD

:107AD00004F052F9684600780A280FD02046641E48

:107AE000E4B20028DCD12868052805D3F9F739F974

:107AF00001469EA004F040F9F420F8BD286805284E

:107B000005D3F9F72EF90146A5A004F035F90020B8

:107B1000F8BD70B504460E46AEA003C886B0304D21

:107B2000059104902868052806D3F9F71AF901464B

:107B30002246AAA004F020F93B4B04AA9B1C214634

:107B40006120FFF765FE002826D1A400E41CE0B206

:107B50006946FFF7F5FE00281ED1FF221021684676

:107B600004F042F802A806223146023007F048FA33

:107B70002868052805D3F9F7F4F80146A0A004F019

:107B8000FBF8102269460520F9F76AF8E0B2694669

:107B9000FFF725FF002800D0F42006B070BDF8B52F

:107BA000069F0D00064613D001466120FFF730FE08

:107BB00000280DD10024B6000120A040284209D0A1

:107BC0002001C1193019C0B2FFF7BAFE002801D058

:107BD000F420F8BD641CE4B2042CEDD30020F8BD01

:107BE0003C0000201B5B313B33376D5B25735D2010

:107BF000284D494641524529207569642D3E0D0A9C

:107C0000000000001B5B313B33376D5B25735D204B

:107C1000284D494641524529206D696661726520AB

:107C20006B65792D3E0D0A001C0B00201B5B313B60

:107C300033376D5B25735D20284D494641524529F8

:107C400020537563636573733A204D69666172658D

:107C50005F417574680D0A001B5B313B33376D5B08

:107C600025735D20284D49464152452920466169CA

:107C70006C3A204D69666172655F417574680D0AE2

:107C8000000000001B5B313B33376D5B25735D20CB

:107C9000284D494641524529204661696C3A204D9C

:107CA00069666172655F426C6F636B726561640DDA

:107CB0000A0000001B5B313B33376D5B25735D2091

:107CC000284D4946415245292053756363657373B6

:107CD0003A204D69666172655F426C6F636B7265D5

:107CE00061640D0A000000001B5B313B33376D5BA4

:107CF00025735D20284D494641524529207265670C

:107D0000206461746120315B253032585D0D0A00BA

:107D10001B5B313B33376D5B25735D20284D494636

:107D200041524529204661696C3A204D696661726D

:107D3000655F426C6F636B777269746520310D0A01

:107D4000000000001B5B313B33376D5B25735D200A

:107D5000284D494641524529207265672064617467

:107D60006120325B253032585D0D0A001B5B313BD0

:107D700033376D5B25735D20284D494641524529B7

:107D8000204661696C3A204D69666172655F426C9C

:107D90006F636B777269746520330D0A0000000011

:107DA0001B5B313B33376D5B25735D20284D4946A6

:107DB0004152452920537563636573733A204D69B9

:107DC000666172655F426C6F636B77726974650D93

:107DD0000A000000FFFFFFFFFFFF00001B5B313BBD

:107DE00033376D5B25735D20284D49464152452947

:107DF000207365636F74725B25755D0D0A0000006A

:107E00001B5B313B33376D5B25735D20284D494645

:107E10004152452920626C6F636B20333A200D0A72

:107E20000000000010B526212420FFF71EFA0122D1

:107E300040211520FFF72BFAF0212720FFF715FA34

:107E400010212820FFF711FA10210C20FFF70DFA5E

:107E500040212620FFF709FA84211820FFF705FAB0

:107E600010BD08B580211220FFF7FFF980211320F3

:107E7000FFF7FBF900210120FFF7F7F980210A2025

:107E8000FFF7F3F950210920FFF7EFF9002109204E

:107E9000FFF7EBF904210120FFF7E7F980210D201E

:107EA000FFF7E3F90220FFF731FA69460A20FFF7EE

:107EB000E4F968460178AB480029006809D0052834

:107EC00005D3F8F74EFF0146A7A003F055FFF420B5

:107ED00008BD052805D3F8F744FF0146ACA003F020

:107EE0004BFF002008BD38B500211220FFF7BDF977

:107EF00000211320FFF7B9F900210120FFF7B5F9A0

:107F000080210A20FFF7B1F926210920FFF7ADF9FA

:107F10000C210120FFF7A9F987210D20FFF7A5F912

:107F200064241420F8F77CFE002C19D0641EE4B2FF

:107F300069460A20FFF7A1F9684600780228F0D1C7

:107F400002219E48FFF732FA86480068052805D3CB

:107F5000F8F707FF01469AA003F00EFF002038BD96

:107F6000F42038BD38B500211220FFF77EF900213A

:107F70001320FFF77AF900210120FFF776F980211D

:107F80000A20FFF772F993210920FFF76EF92021EB

:107F90000920FFF76AF90C210120FFF766F980211B

:107FA0000D20FFF762F96F4D64241420F8F738FEB6

:107FB000002C24D0641EE4B269460A20FFF75DF964

:107FC000684600780528F0D168467C4C0178A01CF2

:107FD000FFF7ECF9A078E1786279484021795140C7

:107FE0004840A179884215D12868052805D3F8F7BB

:107FF000B8FE01467DA003F0BFFE002038BD286812

:10800000052805D3F8F7ADFE014684A003F0B4FEC1

:10801000F42038BDF72038BDF8B580211220FFF7D5

:1080200024F980211320FFF720F900210120FFF718

:108030001CF980210A20FFF718F993210920FFF786

:1080400014F970210920FFF710F95C4D0920A97877

:10805000FFF70BF9E9780920FFF707F929790920DB

:10806000FFF703F969790920FFF7FFF8A9790920DB

:10807000FFF7FBF80C210120FFF7F7F880210D2016

:10808000FFF7F3F8374E64241420F8F7C9FD002CED

:1080900018D0641EE4B269460A20FFF7EEF868467D

:1080A00000780128F0D1E91D0920FFF7E6F83068D3

:1080B000052805D3F8F755FE014663A003F05CFEE2

:1080C0000020F8BD3068052805D3F8F74AFE0146C0

:1080D00068A003F051FEF420F8BD10B5FFF703FFD0

:1080E000002807D1FFF73EFF002803D1FFF794FFD8

:1080F000002800D0F42010BD3EB568A000680090B4

:10810000FFF7AFFE00281FD1FA20F8F789FD002104

:108110001220FFF7AAF800211320FFF7A6F8002489

:108120006D46285D02AA01A9FFF7CBF9002807D008

:108130006846007A042803D1684600790A2805D0E9

:10814000641CE4B2032CECD3F4203EBD0548006867

:10815000052805D3F8F705FE014651A003F00CFEF3

:1081600000203EBD3C0000201B5B313B33376D5B84

:1081700025735D20287265616465725F617069298D

:10818000204661696C3A2048616C740D0A00000059

:108190001B5B313B33376D5B25735D202872656156

:1081A0006465725F617069292053756363657373D9

:1081B0003A2048616C740D0A000000001C0B00207E

:1081C0001B5B313B33376D5B25735D202872656126

:1081D0006465725F617069292053756363657373A9

:1081E0003A20526571756573740D0A001B5B313B53

:1081F00033376D5B25735D20287265616465725F3E

:108200006170692920537563636573733A20416E09

:108210007469636F6C6C0D0A000000001B5B313BDE

:1082200033376D5B25735D20287265616465725F0D

:1082300061706929204661696C3A20416E746963F6

:108240006F6C6C0D0A0000001B5B313B33376D5BBC

:1082500025735D20287265616465725F61706929AC

:1082600020537563636573733A2053656C6563745B

:108270000D0A00001B5B313B33376D5B25735D20BE

:10828000287265616465725F617069292046616961

:108290006C3A2053656C6563740D0A0040414200DE

:1082A0001B5B313B33376D5B25735D202872656145

:1082B0006465725F6170692920537563633A204F6A

:1082C00070656E206261636B20646F6F72207374DF

:1082D000657020310D0A000070B5BF4D0446287846

:1082E0008106090FA1422AD0C32108402107890E27

:1082F0000843022108432870B8480068052806D3BF

:10830000F8F72FFD01462246B5A003F035FD230006

:1083100003F05EFD09170808060F0815151517006C

:10832000FFF7A2F8FFF7A0F850211020FFF785F91A

:1083300005E0FFF799F80020FDF710FE68600120C6

:1083400070BD002070BD10B504460146A24803224E

:10835000083006F055FEA1480068052808D3F8F754

:1083600000FD014620784207520FA7A003F004FD4C

:10837000012010BD70B50546FEF75EFF00282AD02B

:10838000954C0220227829460243BF2002402270E9

:1083900020460322083006F033FEFFF765F8FFF7AA

:1083A00075F88E4D002808D12868052805D3F8F700

:1083B000D8FC01469DA003F0DFFC20780121084392

:1083C00020702868052805D3F8F7CBFC0146A2A049

:1083D00003F0D2FC012070BDF0B585B00646FFF772

:1083E00032F8FFF71FFD0320FFF709F8FA20F8F72E

:1083F00017FCFFF772FE784C0700207802D00221AC

:10840000084387E080076ED574480068052805D3C7

:10841000F8F7A7FC014698A003F0AEFC207A694665

:108420004007400F0871487B9E4D4006400E0009F2

:108430000001001D4873020701A8120FA91C01309A

:1084400006F0DEFD6946887B40084000887320788E

:108450008006000F05281BD1607A010718D05E4EF8

:1084600001070B360096A07A090F8006800EAB1C20

:108470008D4AFFF794FB002843D16946887B012190

:108480000843694688730496487B4006400E0DE019

:10849000307880268006800F002804D0012807D07D

:1084A00002282ED129E06946487B3043487328E0F2

:1084B000A17A207A89060007890EC00F0091002852

:1084C00012D0794AAB1C921F6120FFF7A1F9002856

:1084D000E9D0FFF702FE002813D173490098891FE5

:1084E000FFF717FB06E016E06F4AAB1C921F6120F6

:1084F000FFF78EF9002804D1D5E7FFF7FDFD00282E

:10850000D1D16A480168002901D001A888472078A4

:10851000FD21084020700020FEF771FF384605B0AD

:10852000F0BD10B5FFF7DBF8002809D02A4908781C

:108530008206120F012A04D0402210430870012045

:1085400010BDFEF791FF50211020FFF776F80020B4

:1085500010BD70B5204C207825468006000F0835E8

:10856000022803D004281BD0052818D1FFF7D9FF13

:10857000002802D12078400611D52078BF2108407C

:1085800020704B492846FFF7DBF8002807D02078F9

:1085900002210843207050211020FFF74EF870BDD3

:1085A0006068FDF7F7FC0028F9D0FA20FDF7D6FC4B

:1085B00060602846FFF710FF70BD10B53B490860AA

:1085C00006480068052806D3F8F7CBFB014639A218

:1085D0003DA003F0D1FB10BD2C0B00203C0000207F

:1085E0001B5B313B33376D5B25735D20284E464363

:1085F0005F41504929206E6663206D6F64655B257D

:10860000755D0D0A000000001B5B313B33376D5B6D

:1086100025735D20284E46435F41504929207374DD

:108620006174655B25755D0D0A0000001B5B313BC5

:1086300033376D5B25735D20284E46435F415049BB

:10864000292076657273696F6E2069732065727276

:108650006F720D0A000000001B5B313B33376D5B0E

:1086600025735D20284E46435F4150492920696E9D

:1086700069740D0A000000001B5B313B33376D5BF2

:1086800025735D20284E46435F415049292053758C

:1086900063636573733A20526561646572410D0AC4

:1086A000000000001C0B002016C50000C0000020C8

:1086B000D98300006E66635F6576656E745F636183

:1086C0006C6C6261636B00001B5B313B33376D5B2D

:1086D00025735D20284E46435F415049292052654D

:1086E0006773697465722063616C6C6261636B5B54

:1086F00025735D0D0A00000010B50521254803F023

:108700007AFA10BD23490A79824203D00871002801

:1087100000D1F1E7704710B51E4C2079002827D012

:108720000C210020F9F77CF8002802D06078401C6A

:1087300060702078401CC1B22170A078032807D156

:108740006278002A04D0E278002A01D10122E27086

:1087500003290DD36178002900D0012100220029CE

:1087600002D0401CA07001E0A270E2702270627022

:1087700010BD08480179002904D0C178002903D030

:10878000022070470020704780780028FBD001202D

:1087900070470000C400002010B50C460146302090

:1087A00000F035F92146312000F031F910BD10B547

:1087B0000021084600F02BF90121002000F027F9E4

:1087C00010BD10B5090100280ED0C3200143C9B265

:1087D0006C2000F01CF9F8216D2000F018F9E82158

:1087E0006E2000F014F910BD43200143C9B26C2083

:1087F00000F00DF9D821F3E710B50146602000F034

:1088000006F9012801D15B498870BE21692000F07A

:10881000FEF810BD10B50446C1B20F2000F0F7F805

:10882000012801D1534988702004010E102000F066

:10883000EEF810BD70B51C461546FFF7C2FF28467E

:10884000FFF7DAFF2046FFF7E5FF70BD10B50446DD

:10885000C1B2412000F0DBF82004010E422000F0FC

:10886000D6F82002010E432000F0D1F8210E44205A

:1088700000F0CDF810BD10B504460121452000F0F0

:10888000C6F8E1B2462000F0C2F82004010E4720ED

:1088900000F0BDF82002010E482000F0B8F8210ECB

:1088A000492000F0B4F810BD10B50446C1B2522002

:1088B00000F0ADF8210A532000F0A9F810BD70B502

:1088C00009011C461546002816D0C3200143C9B231

:1088D0006C2000F09CF8E9B2332000F098F8E1B287

:1088E000342000F094F8210A280A89000843C1B214

:1088F000352000F08CF870BD4320E7E710B5042167

:108900000520FFF749FF7D20C000FFF7CDFFFF20C6

:10891000F530FFF79BFF1848FFF7ADFF0523252231

:10892000DB01120101210D20FFF7C9FF10BD10B5B9

:10893000104C2078C1071BD1012108430021617030

:1089400081210840207000F019F8FFF730FFFFF791

:10895000D5FF2823732201210D20FFF76BFFA0789C

:10896000002805D1207840084000207000F02CF845

:1089700010BD0000C9000020DC05000010B547480C

:10898000FBF7DAF8012205210020F8F739FF002370

:10899000012205211846F8F72FFF012204210020AB

:1089A000F8F72EFF0023012204211846F8F724FFD0

:1089B00001220C210020F8F723FF00231A460C2186

:1089C0001846F8F719FF10BD10B500220521104612

:1089D000F8F716FF0023012205211846F8F70CFFCF

:1089E000002204211046F8F70BFF00230122042186

:1089F0001846F8F701FF00220C211046F8F700FF97

:108A0000002301220C211846F8F7F6FE10BD13B51D

:108A1000012201A900F015F81CBD10B50246052180

:108A20000020F8F7EDFE10BD10B50246042100202D

:108A3000F8F7E6FE10BD10B504210020F8F7F0FEAF

:108A400010BDF8B5164F15460646002917D0002D63

:108A500015D013460A4601461048FBF74AF90400B0

:108A600019D03868052808D3F8F77BF901462B465A

:108A700032460C48009403F07FF90020F8BD3868B6

:108A80000328FAD3F8F76DF901462B46324606481B

:108A900003F072F9F1E70120F8BD00001CC50000E9

:108AA0003C000020D4C900008CC9000010B5B04CB7

:108AB0002468002C01D0A04710BDAE4800680228F1

:108AC000FAD3F8F74EF90146ABA003F055F910BD03

:108AD00010B50446A6480460A6480068052807D3D8

:108AE000F8F73FF901462346B14AB2A003F044F932

:108AF00010BD10B5BE4CFBF7D1FC00280AD12146B1

:108B0000F9F72DFA0146BB4A401E904202D8204692

:108B1000FBF77EFD10BDF8B5B54C103C207B01285D

:108B20000AD1FDF75CFA26460546403EB06CFF21AF

:108B3000281A2D31884201D20020F8BD8D48617974

:108B4000006802291DD203280AD3F8F70AF9014662

:108B50007078009062790223A748521C03F00CF948

:108B60007288311D0020F9F718FA60790121401C44

:108B7000C2B26271B564B3780846FFF797FF01206F

:108B8000F8BD022806D3F8F7ECF8014602229BA0B4

:108B900003F0F2F8002525734021301D03F02BF877

:108BA000758065710220F8BDF0B591B0FFF7B3FF95

:108BB0008F4D103D287B002840D10090FBF7D2FC60

:108BC000042801D3002705E00120FBF7CBFC042893

:108BD00034D30127042269463846FBF7DDFC68469A

:108BE0004488002C2AD0402C28D8224601A9384697

:108BF000FBF7D2FCA04221D15E480068032808D3CD

:108C0000F8F7AFF86A4A014623461B328BA003F0FF

:108C1000B3F8224601A90320F8F722F8224601A959

:108C20000020F9F7BAF96846407801068F4807D561

:108C30004021001D02F0DFFF0020287311B0F0BDBD

:108C4000012129730646224601A9001D06F0D8F924

:108C500074806846007830706846407870702F7174

:108C600000206871FDF7BBF9B064E7E71CB5504818

:108C7000C01F03C8009001916846FAF7D9FB1CBDDC

:108C80001FB54B486C4629300FC80FC46846FAF729

:108C90009FFBFBF706FC1FBD38B5050035481C4699

:108CA00000680FD0002C0DD0402C14D9022808D316

:108CB000F8F757F83E4A0146234636326CA003F0D7

:108CC0005BF838BD0228FCD3F8F74BF8014677A0D3

:108CD00003F052F838BD00200090684601704270E1

:108CE0004480042269460020FBF7FDFB224629460A

:108CF0000020FBF7F8FB38BD10B55C4C024623782A

:108D000000208B4216D16178914213D14021201D61

:108D100002F071FF00212046618040304171A16462

:108D200001730121017100231A4603210120FFF77D

:108D3000BDFE012010BD10B590B0FBF799FC0404F6

:108D4000240C11D021466846FBF797FCA0420BD1BA

:108D50002146684600F033FC002805D100231A465E

:108D600019461846FFF7A2FEFFF71EFF10B010BD10

:108D7000D00000203C0000201B5B313B33316D5B99

:108D800025735D20286D6F64756C655F7561727405

:108D900029204572723A756172742063616C6C624D

:108DA00061636B206973206E756C6C0D0A000000A6

:108DB0003BC500001B5B313B33376D5B25735D208A

:108DC000286D6F64756C655F7561727429205B2511

:108DD000735D20756172745F726567697374657223

:108DE0005F63616C6C6261636B3A2025580D0A0009

:108DF000B80B0020FF01000020CA00001B5B313BC4

:108E000033316D5B25735D20286D6F64756C655F14

:108E10007561727429205541525420747820746908

:108E20006D656F75742028726574727920256420D1

:108E300074696D6573290D0A000000001B5B313BEE

:108E400033336D5B25735D20286D6F64756C655FD2

:108E50007561727429205B25735D20646174615FA4

:108E60006C656E3D25640D0A00000000680B002053

:108E70001B5B313B33316D5B25735D20286D6F6467

:108E8000756C655F7561727429205B25735D2020A8

:108E90006C656E3D256420657863656564206D6151

:108EA000782073697A650D0A000000001B5B313B76

:108EB00033316D5B25735D20286D6F64756C655F64

:108EC000756172742920696E76616C6964206461D1

:108ED00074612F6C656E0D0A0000000010B5954995

:108EE0004A7C402A05D20B461233D054487C401CA1

:108EF00048740820FDF732F88E492031486310BDD0

:108F000010B504468B48B821603802F074FE8948D9

:108F100089496038C4668166FCF79AF910BD10B5BE

:108F200007210020F8F765FF00280BD0072100205B

:108F3000F8F77BFF07210020F8F772FC002801D02A

:108F4000012010BD002010BD7A4810B56038FCF734

:108F5000A3F9784860384078800705D4FFF7DFFF31

:108F6000002801D0012010BD002010BD70B51546AD

:108F70000A4670491C4660394B78DB070CD00B78E9

:108F80001B0983421ED0CA66030002F021FF071BA3

:108F90000E0E0E0E0E0E1B00012804D06548002197

:108FA0006038FCF7B3F8002070BD014661486038B6

:108FB000FCF7ACF8042C05D85E4822462946801CF4

:108FC00006F01EF8012070BD10B5102901D900204F

:108FD00010BD0A46014657480F3806F011F8012027

:108FE00010BD0146534810B56038FBF789FC10BD31

:108FF0005048603840788007C00F704710B5012294

:1090000007210020F8F7FCFB00231A460721184629

:10901000F8F7F2FB002201210220F8F7F1FB02220F

:10902000002301211046F8F7E7FB00221146022039

:10903000F8F7E6FB0023022219461046F8F7DCFB9E

:10904000002206211046F8F7DBFB0023022206214E

:109050001846F8F7D1FB10BD7FB5364D364C603D54

:10906000083C002823D028464030407CC00919D055

:10907000002207211046F8F7E2FB002206211046E5

:10908000F8F7BEFB20340FCC6E460FC66846FAF7E1

:109090009FF9687802210843687007210020F8F7DB

:1090A000C4FE7FBD07210020F8F700FEE5E703CCF2

:1090B000009001916846FAF7BBF9012206210020D1

:1090C000F8F79EFB002207211046F8F7B8FB6878F6

:1090D000B92108404006400EDEE70A46154910B5A2

:1090E00060394978890701D4002010BD014602206B

:1090F000F8F753FF012010BD70B505460D486038E4

:109100004078800714D50B4C607C002810D0204696

:109110002030406BFCF73EFF002809D02146627CDE

:109120001231284605F06CFF607C0021617470BD2F

:10913000002070BD180E002090C5000010B56D49CC

:109140004A7C402A05D20B461233D054487C401C3E

:1091500048740820FCF702FF66492031486310BDBF

:1091600010B504466348B821603802F044FD6148F8

:1091700061496038C4668166FCF77BFD10BD5D48BF

:1091800010B56038FCF799FD002010BD59486038D3

:109190004178C90702D0007800097047FF20704766

:1091A00070B51546534A1C46603A13781B09834232

:1091B00015D0D166030002F00BFE08120505050567

:1091C0000505051201464B486038FCF7F1F9042CFF

:1091D00005D8484822462946001D05F011FF012008

:1091E00070BD10B5022901D9002010BD0A46014604

:1091F0004048401C05F004FF012010BD10B50022BE

:1092000003211046F8F7FCFA002302220321184636

:10921000F8F7F2FA00220B210220F8F7F1FA022205

:1092200000230B211046F8F7E7FA00220C21022058

:10923000F8F7E6FA022200230C211046F8F7DCFAD0

:1092400010BD7FB52C4C2B4D083C603D00280FD045

:1092500001220C210220F8F7D3FA1C340FCC6E4601

:109260000FC66846FAF7B4F868780221084311E09F

:1092700000220C210220F8F7C3FA03CC00900191E0

:109280006846FAF7D5F86878ED2108404006400EA8

:10929000FB21084068707FBD0A46164910B5603949

:1092A0004978890701D4002010BD01460120F8F754

:1092B00074FE012010BD70B505460E486038407838

:1092C000800714D50B4C607C002810D0204620303D

:1092D000406BFCF75FFE002809D02146627C12310A

:1092E000284605F08DFE607C0021617470BD002071

:1092F00070BD0000D00E0020C0C5000028490860E5

:10930000704710B5FFF713FB0021084600F041F845

:10931000012010BD10B5012808D1012901D0002974

:1093200004D1012903D00020FFF7ECF910BD012082

:10933000FAE710B500280FD0012807D0022803D083

:10934000032809D1142302E01E2300E028237322FE

:1093500001210D20FFF76EFA10BD10B5002101208C

:1093600000F017F810BD10B5FFF7D5F910BD10B516

:109370000021032000F00DF8002010BD10B5FFF70C

:10938000F8F9022804D1002100F003F8FFF7B4F93E

:1093900010BD034A1268002A00D010477047000031

:1093A000D40000200FB470B588B00D4606462021C9

:1093B000684602F020FC6C465A4820800020A070CD

:1093C000FB20E07001200003A08000F0C4F8694693

:1093D0008871CE7168BA08810E9A0FA9002A01D04F

:1093E000A01D9047162421466846FAF761FD050A3C

:1093F00021466846FAF75CFD000205436846C582CF

:109400001823C279817902F07CFB08B070BC08BCDB

:1094100004B018470A7809790023037101234371C6

:109420008271C17170470A780979002303710223A0

:1094300043718271C17170470A7809790023037101

:10944000052343718271C171704710B50A7849686C

:10945000002303710323437182710422C01D05F0B0

:10946000CFFD10BD0022097802710623437181717E

:10947000C27170470A78496800230371042343715D

:109480008271002903D00A78C2714978017270474D

:10949000FF210171704709780171704708B50346D3

:1094A0000091214A04210320FFF77CFF08BD08B585

:1094B000034600911D4A04210320FFF773FF08BDF6

:1094C00008B5034600911A4A04210320FFF76AFFFA

:1094D00008BD08B503460091164A07210320FFF78F

:1094E00061FF08BD03460421134A03205AE71CB557

:1094F000034601920091114A05210320FFF752FF14

:109500001CBD01210E4A2A204CE701210D4A85206D

:1095100048E701210B4A842044E703460121094A18

:1095200086203FE755AA000015940000279400000C

:10953000399400004B94000065940000759400007D

:10954000919400009794000010B55E48FCF706FD6A

:109550005D49486010BD5C490878421C0A7070473C

:1095600010B5C17906291DD008DC01290ED00229C9

:109570000FD0042910D0052906D110E0702914D08D

:10958000832915D0AA2916D0002010BD00F0E8F8D4

:1095900013E000F097F910E000F01EF90DE000F084

:1095A000B2FD0AE000F0C6F907E000F09FF904E020

:1095B00000F0B6F901E000F005F9C0B210BDF0B559

:1095C000FFB0054686B0FF20019040480C46006879

:1095D000002D11D0002C0FD001267602B44215D9EF

:1095E00002284ED3F7F7BDFB01462346384A39A07F

:1095F000009602F0C1FB44E0022842D3F7F7B1FB2A

:1096000001462B46324A43480094F2E7082C0AD31D

:10961000032811D3F7F7A5FB0146EA7923463EA0BC

:1096200002F0AAFB08E0032806D3F7F79AFB0146ED

:109630002246484802F0A0FB224629460320F7F7BD

:109640000FFB8321890002A802F0D5FAA01E86B282

:1096500031462846FAF72CFC0746A81941780278CB

:109660000802104346BAB7420FD0184800680228D3

:1096700007D3F7F776FB01463B46154A3648009676

:10968000B7E701987FB006B0F0BD3448844200D9F6

:1096900004462246294602A805F0B2FC002402A88E

:1096A000FFF75EFFFFF750FF2046EBE710B50648D7

:1096B0004068FCF76FFC002803D0FFF745FFFFF779

:1096C00020FF10BDB80B0000D80000203C00002097

:1096D000E1C500001B5B313B33316D5B25735D20C1

:1096E00028756172745F70726F746F636F6C29207C

:1096F0005B25735D206C656E3D2564206578636530

:109700006564206D61782073697A65282564290D68

:109710000A000000B8CA00001B5B313B33336D5BAD

:1097200025735D2028756172745F70726F746F634A

:109730006F6C29205B756172742072785D636D6453

:109740003A203078253032582C206C656E3D2564E7

:109750000D0A0000FCCA000068CA00000A020000EE

:1097600010B506480068042806D3F7F7FAFA014650

:10977000034A04A002F000FB002010BD3C000020C2

:10978000FEC500001B5B313B33326D5B25735D20F2

:1097900028756172745F70726F746F636F6C5F6154

:1097A00075746829205B25735D202055505F434DFB

:1097B000445F415554482072656365697665640D60

:1097C0000A00000010B58179C0794006400E02F011

:1097D000A4F9002010BD0000F8B5044605460A347F

:1097E000407BA1780002084340BAA070000AE070F4

:1097F000FFF78FFE224E3068052817D3F7F7B1FA2E

:109800000146AB79EA791FA002F0B6FA3068052864

:109810000CD3F7F7A6FA0146E078A27800021043CD

:10982000009063782278264802F0A6FA2078030098

:1098300002F0CEFA07050B14121A12201200E0787B

:10984000A27801021143032004E0E078A27801022B

:109850001143062001F04FFD0020F8BDE078A2780A

:10986000010211430720F5E7E078A27801021143D5

:109870000820EFE7E078A278010211430520E9E72C

:109880003C0000201B5B313B33376D5B25735D2053

:1098900028756172745F70726F746F636F6C5F6C48

:1098A000696768745F63746C2920636D645B25303D

:1098B00032585D2074736E5B253032585D0D0A009E

:1098C00040CB000010B506480068042806D3F7F71F

:1098D00048FA0146034A044802F04EFA002010BD3F

:1098E0003C00002017C600008CCB000010B50948D2

:1098F0000068042806D3F7F734FA0146064A0748F9

:1099000002F03AFA012002F054F9012002F04AF97B

:10991000002010BD3C00002034C60000D4CB000065

:1099200010B58179C0794006400E02F0F6F80020AB

:1099300010BD0000FEB51D4E0446054630680A35D0

:109940000127052811D3F7F70CFA0146A379E2792C

:1099500017A002F011FA3068052806D3F7F701FACC

:1099600001462A781EA002F007FA2878FF2818D1AD

:109970002548046800943068052807D3F7F7F1F903

:1099800001466846028821A002F0F6F9204601F05F

:109990009EF90020C04369468880019800F09BFE34

:1099A00000273846FFF7B9FD0020FEBD3C0000202F

:1099B0001B5B313B33376D5B25735D202875705F12

:1099C00072657365742920636D645B253032585D60

:1099D0002074736E5B253032585D0D0A0000000064

:1099E0001B5B313B33376D5B25735D202875705FE2

:1099F000726573657429207374617475735B2530A7

:109A000032585D0D0A00000054C600001B5B313B5C

:109A100033376D5B25735D202875705F72657365E4

:109A200074292066696E6765722049442064656CFC

:109A3000657465206D6F6465202C646174613D30D0

:109A400078253034580D0A0038B504008A4800687B

:109A500008D061780B0002F0BBF90758430E1822BA

:109A6000394C6100022805D3F7F77BF9014683A042

:109A700002F082F938BD052805D3F7F772F90146DF

:109A800089A002F079F903203CE0052805D3F7F717

:109A900068F9014690A002F06FF9042032E09B497A

:109AA00009680091E178A278090211436A461180A1

:109AB000052807D3F7F755F901466846028894A0B0

:109AC00002F05AF9009801F002F938BD052805D3D3

:109AD000F7F747F901469EA002F04EF9062011E083

:109AE000052804D3F7F73DF90146A7A013E00220AB

:109AF00008E0052805D3F7F734F90146AEA002F0D7

:109B00003BF9012001F07FF838BD0528EFD3F7F7C6

:109B100028F90146B4A002F02FF9E8E70228F3D3B0

:109B2000F7F71FF901466278BEA002F025F938BDAB

:109B300010B504005048006808D061780B0002F0AE

:109B400047F9070C131C232A353C4300022813D382

:109B5000F7F707F9014649A00CE005280CD3F7F701

:109B600000F90146BEA005E0052805D3F7F7F9F88E

:109B70000146CAA002F000F910BD0528FCD3F7F792

:109B8000F0F80146D0A0F5E70528F5D3F7F7E9F896

:109B90000146D9A0EEE70528EED3F7F7E2F8014633

:109BA000E078A37802021A43DF4814E00528E3D3E3

:109BB000F7F7D7F80146DDA0DCE70528DCD3F7F797

:109BC000D0F80146E7A0D5E70228D5D3F7F7C9F8C2

:109BD00001466278F0A002F0CFF810BD38B504005D

:109BE0002548006808D061780B0002F0F1F80744BE

:109BF000430C202A42414000022837D3F7F7B1F83E

:109C000001461EA03EE2052805D3F7F7AAF8014653

:109C1000F0A002F0B1F8E078A17800020843012832

:109C200003D0022822D1032023E2042021E20528C8

:109C300005D3F7F796F80146F2A002F09DF805204B

:109C400017E2052809D3F7F78CF80146E078A378E6

:109C500002021A43F74802F08FF8E078A178000278

:109C6000084369460880009800F035FD38BD0CE2D5

:109C7000F6E1E1E1EAE1FFE13C0000201B5B313B62

:109C800033316D5B25735D202875705F776F726B64

:109C90005F6D6F64652920706172616D206973204A

:109CA0004E554C4C0D0A00001B5B313B33376D5B4E

:109CB00025735D202875705F776F726B5F6D6F64C1

:109CC00065292066696E67657220766572696679B6

:109CD000206D6F64650D0A001B5B313B33376D5B94

:109CE00025735D202875705F776F726B5F6D6F6491

:109CF00065292066696E67657220616464207573EA

:109D00006572206D6F64650D0A00000058C6000082

:109D10001B5B313B33376D5B25735D202875705FAE

:109D2000776F726B5F6D6F6465292066696E67651A

:109D3000722049442064656C657465206D6F6465AC

:109D4000202C646174613D3078253034580D0A0050

:109D50001B5B313B33376D5B25735D202875705F6E

:109D6000776F726B5F6D6F6465292066696E6765DA

:109D700072207665726966792064656C6574652009

:109D80006D6F64650D0A00001B5B313B33376D5B03

:109D900025735D202875705F776F726B5F6D6F64E0

:109DA00065292066696E6765722069646C65206D3F

:109DB0006F64650D0A0000001B5B313B33376D5B40

:109DC00025735D202875705F776F726B5F6D6F64B0

:109DD00065292066696E67657220736C6565702001

:109DE0006D6F64650D0A00001B5B313B33376D5BA3

:109DF00025735D202875705F776F726B5F6D6F6480

:109E000065292066696E6765722069646C652F6ECE

:109E1000756C6C206D6F64652C2069676E6F726560

:109E20000D0A00001B5B313B33316D5B25735D20F8

:109E30002875705F776F726B5F6D6F646529207531

:109E40006E6B6E6F776E2066696E676572206576E1

:109E5000656E7420636F64653A2025640D0A000006

:109E60001B5B313B33376D5B25735D202875705F5D

:109E7000776F726B5F6D6F64652920636172642018

:109E800069646C652F6E756C6C206D6F64652C2039

:109E900069676E6F72650D0A000000001B5B313B45

:109EA00033376D5B25735D202875705F776F726B3C

:109EB0005F6D6F64652920636172642069646C65FD

:109EC000206D6F64650D0A001B5B313B33376D5BA2

:109ED00025735D202875705F776F726B5F6D6F649F

:109EE0006529206361726420766572696679206DE8

:109EF0006F64650D0A0000001B5B313B33376D5BFF

:109F000025735D202875705F776F726B5F6D6F646E

:109F100065292063617264206164642075736572D1

:109F2000206D6F64650D0A0020CC00001B5B313B87

:109F300033376D5B25735D202875705F776F726BAB

:109F40005F6D6F6465292063617264207665726954

:109F500066792064656C657465206D6F64650D0AB3

:109F6000000000001B5B313B33376D5B25735D20C8

:109F70002875705F776F726B5F6D6F646529206302

:109F8000617264207265616420736563746F72200E

:109F90006D6F64650D0A00001B5B313B33316D5BF7

:109FA00025735D202875705F776F726B5F6D6F64CE

:109FB000652920756E6B6E6F776E20636172642009

:109FC0006576656E7420636F64653A2025640D0ABA

:109FD000000000001B5B313B33376D5B25735D2058

:109FE0002875705F776F726B5F6D6F64652920668F

:109FF00061636520766572696679206D6F64650DB1

:10A000000A0000001B5B313B33376D5B25735D201D

:10A010002875705F776F726B5F6D6F64652920665E

:10A02000616365206164642075736572206D6F647F

:10A03000650D0A0064CC0000052805D3F6F791FEF3

:10A04000014673A001F098FE072012E0052805D311

:10A05000F6F787FE01467CA001F08EFE022008E0A4

:10A06000052805D3F6F77DFE014682A001F084FEA7

:10A07000012000F0C8FAF9E50528FCD3F6F771FED7

:10A08000014688A001F078FEF0E50228F3D3F6F748

:10A0900068FE0146627892A001F06EFEE6E510B51A

:10A0A00004009E48006810D06178002914D001296E

:10A0B00019D0022920D0022806D3F6F752FE014615

:10A0C000627897A001F058FE10BD0228FCD3F6F785

:10A0D00048FE0146A1480CE00528F5D3F6F741FEFD

:10A0E00001469FA005E00528EED3F6F73AFE0146AB

:10A0F000AAA001F041FE10BD0528FCD3F6F731FE01

:10A100000146B3A0F5E7FEB5044606468179C0795D

:10A110000A364006400E01F000FD607A217A000206

:10A12000084340BA2072010A7C4D617280070ED04C

:10A130002868022809D3F6F714FE0146607A237ACC

:10A1400002021A43AE4801F017FEFF20FEBDFFF7E2

:10A15000DCF972480068052809D3F6F702FE0146CB

:10A16000607A237A02021A43A6A001F005FE607A03

:10A17000217A000208438005000E0025029032E09B

:10A18000AF00BC19E078A1780002084340BAA07083

:10A19000000AE0706148006805280ED3F6F7E1FD7B

:10A1A0000146E078A27800021043627800920190A4

:10A1B000F35D6A1C9F4801F0DFFDF05D022817D0B7

:10A1C000032819D004281BD006281DD05348006846

:10A1D000022806D3F6F7C5FD0146974A97A001F07D

:10A1E000CBFD6D1CEDB202988542C9D30020FEBDA7

:10A1F0002046FFF729FCF4E72046FFF799FCF0E73B

:10A200002046FFF7EBFCECE72046FFF748FFE8E7C6

:10A210001B5B313B33376D5B25735D202875705FA9

:10A22000776F726B5F6D6F6465292066616365206F

:10A230007665726966792064656C657465206D6FFA

:10A2400064650D0A000000001B5B313B33376D5B1A

:10A2500025735D202875705F776F726B5F6D6F641B

:10A26000652920666163652069646C65206D6F6493

:10A27000650D0A001B5B313B33376D5B25735D2039

:10A280002875705F776F726B5F6D6F6465292066EC

:10A2900061636520736C656570206D6F64650D0A80

:10A2A000000000001B5B313B33376D5B25735D2085

:10A2B0002875705F776F726B5F6D6F6465292066BC

:10A2C0006163652069646C652F6E756C6C206D6FC1

:10A2D00064652C2069676E6F72650D0A00000000CE

:10A2E0001B5B313B33316D5B25735D202875705FDF

:10A2F000776F726B5F6D6F64652920756E6B6E6F23

:10A30000776E2066616365206576656E7420636F85

:10A3100064653A2025640D0A000000003C0000201E

:10A320001B5B313B33316D5B25735D202875705F9E

:10A33000776F726B5F6D6F64652920756E6B6E6FE2

:10A34000776E2074616D706572206576656E74201D

:10A35000636F64653A2025640D0A00007C9C000050

:10A360001B5B313B33376D5B25735D202875705F58

:10A37000776F726B5F6D6F6465292074616D7065B6

:10A38000722069646C652F6E756C6C206D6F6465EE

:10A390002C2069676E6F72650D0A00001B5B313BF4

:10A3A00033376D5B25735D202875705F776F726B37

:10A3B0005F6D6F6465292074616D706572206469DA

:10A3C0007361626C65206D6F64650D0A00000000AA

:10A3D0001B5B313B33376D5B25735D202875705FE8

:10A3E000776F726B5F6D6F6465292074616D706546

:10A3F0007220656E61626C65206D6F64650D0A0088

:10A40000FCCC00001B5B313B33376D5B25735D205B

:10A410002875705F776F726B5F6D6F646529205769

:10A420004F524B5F4D4F44453A206C656E3D25645D

:10A430000D0A0000A8CC00005CC600001B5B313B8D

:10A4400033316D5B25735D202875705F776F726B9C

:10A450005F6D6F646529205B25735D206E6F7420CE

:10A4600064656661756C740D0A00000070B50D4678

:10A47000B9491446096808280ED00C2818D00229BA

:10A4800006D3F6F76EFC0146B44AB5A001F074FCA1

:10A49000022000F0B8F870BD052905D3F6F761FC7D

:10A4A0000146BAA001F068FC2246294609200AE0CC

:10A4B000052905D3F6F755FC0146C2A001F05CFC66

:10A4C000002211460A20FFF712F8E1E770B50D46A9

:10A4D000A149C01E14460968030001F079FC050477

:10A4E00015212F3B4700052905D3F6F73AFC014615

:10A4F000C1A001F041FC224629460320FEF7F7FFE8

:10A50000012000F080F83BE0052905D3F6F729FC8F

:10A510000146C7A001F030FC0022114605200AE0E8

:10A52000052905D3F6F71DFC0146D0A001F024FC57

:10A53000002211460620FEF7DAFF21E0052905D3A7

:10A54000F6F70FFC0146D8A001F016FC00221146D8

:10A550000720F0E7052905D3F6F703FC0146E1A043

:10A5600001F00AFC002211460820E4E7022907D383

:10A57000F6F7F7FB794A0146383A79A001F0FCFB7F

:10A58000E84801F071FA70BD70B50D467249144685

:10A590000968022811D00D281BD00E2827D00229C7

:10A5A00007D3F6F7DEFB6D4A0146533A6CA001F083

:10A5B000E3FB012000F027F870BD052905D3F6F76D

:10A5C000D0FB0146D8A001F0D7FB22462946012046

:10A5D0000AE0052905D3F6F7C4FB0146E0A001F027

:10A5E000CBFB002211460220FEF781FFE1E705299F

:10A5F00005D3F6F7B6FB0146E7A001F0BDFB00224C

:10A6000011460B20F0E710B5F0490968CC68002C22

:10A6100017D0030001F0DCFB0815050509090D152D

:10A62000111500231A4619460AE000231A46E84984

:10A6300006E000231A46E74902E000231A46E649ED

:10A64000A04710BD70B504464348154600680E4645

:10A65000042806D3F6F785FB01462246DFA001F069

:10A660008BFB2A4631460420F6F7FAFA0120FFF761

:10A67000CAFF70BD70B50D463749144609680828F1

:10A680000FD00C2819D0022907D3F6F76AFB334AFA

:10A6900001461B3A32A001F06FFB0220FFF7B3FF27

:10A6A00070BD052905D3F6F75CFB014637A001F024

:10A6B00063FB2246294609200AE0052905D3F6F75F

:10A6C00050FB01463FA001F057FB002211460A2033

:10A6D000FEF70DFFE1E731B5BC480068C468002C07

:10A6E00004D002236A46CA490620A04738BD10B5E7

:10A6F000F8F710FFB5490860016800290BD0C5487C

:10A70000884715480068052805D3F6F72AFB014657

:10A71000C1A001F031FB10BD10B5AC480068406825

:10A72000002805D08047002802D00120FFF76BFFEA

:10A7300010BD38B5A54C0D4621680969002909D01E

:10A7400001462A46684604F05BFC206829460369F6

:10A750006846984738BD00003C000020CDC6000088

:10A760001B5B313B33316D5B25735D202874617356

:10A770006B5F6661636529205B25735D206E6F7476

:10A780002064656661756C740D0A00001B5B313BCB

:10A7900033376D5B25735D20287461736B5F666171

:10A7A00063652920464143455F524553554C545FEC

:10A7B000535543434553535F44454C4554450D0A57

:10A7C000000000001B5B313B33376D5B25735D2060

:10A7D000287461736B5F6661636529204641434558

:10A7E0005F524553554C545F4641494C5F44454C7C

:10A7F0004554450D0A0000001B5B313B33376D5B50

:10A8000025735D20287461736B5F66616365292021

:10A81000464143455F524553554C545F535543435E

:10A820004553535F52454749535445520D0A000062

:10A830001B5B313B33376D5B25735D20287461737F

:10A840006B5F666163652920464143455F5245530E

:10A85000554C545F535543434553535F5245474905

:10A86000535445525F55500D0A0000001B5B313BAD

:10A8700033376D5B25735D20287461736B5F666190

:10A8800063652920464143455F524553554C545F0B

:10A89000535543434553535F5245474953544552DB

:10A8A0005F444F574E0D0A001B5B313B33376D5BE6

:10A8B00025735D20287461736B5F66616365292071

:10A8C000464143455F524553554C545F53554343AE

:10A8D0004553535F52454749535445525F4C454693

:10A8E000540D0A001B5B313B33376D5B25735D20D4

:10A8F000287461736B5F6661636529204641434537

:10A900005F524553554C545F535543434553535F32

:10A9100052454749535445525F52494748540D0ADE

:10A9200000000000102700001B5B313B33376D5BDC

:10A9300025735D20287461736B5F666163652920F0

:10A94000464143455F524553554C545F535543432D

:10A950004553535F5645524946590D0A00000000C1

:10A960001B5B313B33376D5B25735D20287461734E

:10A970006B5F666163652920464143455F524553DD

:10A98000554C545F4641494C5F554E4B4E4F574EC8

:10A99000555345520D0A00001B5B313B33376D5B4D

:10A9A00025735D20287461736B5F66616365292080

:10A9B000464143455F524553554C545F4641494CCF

:10A9C0005F54494D454F55540D0A0000E0000020EA

:10A9D00089A50000CDA400006DA400001B5B313BE5

:10A9E00033326D5B25735D20287461736B5F666124

:10A9F00063652920696E6974206576656E743A20F6

:10AA0000726573756C745B25755D0D0A000000003E

:10AA100075A6000045A600001B5B313B33376D5B1C

:10AA200025735D20287461736B5F666163652920FF

:10AA3000696E69740D0A000010B50200CF480C461B

:10AA4000006811D0012A1BD0092A26D0022806D37B

:10AA5000F6F787F90146CA4ACAA001F08DF9D44831

:10AA600001F002F8012010BD042806D3F6F779F9A9

:10AA700001462288CF4801F07FF92178092009E0BA

:10AA8000042805D3F6F76DF90146CBA001F074F95F

:10AA900000210B20FEF70BFDE1E7042805D3F6F7B4

:10AAA00060F90146CFA001F067F900210A20F1E723

:10AAB000F8B5B24C0746206816460D46042806D362

:10AAC000F6F74FF901463A46D2A001F055F9324661

:10AAD00029460420F6F7C4F83B0001F079F90C0789

:10AAE00047471D47253D352D47180A47297803203C

:10AAF0000FE031462846FBF7A6FF002841D020682A

:10AB000004283ED3F6F72DF90146CDA02BE0297895

:10AB10000520FEF7CCFC34E02068042831D3F6F79A

:10AB200020F90146D3A01EE02068042829D3F6F7B7

:10AB300018F90146DBA016E02068042821D3F6F7B7

:10AB400010F90146E3A00EE02068042819D3F6F7B7

:10AB500008F90146EAA006E02068042811D3F6F7B8

:10AB600000F90146F2A001F007F90AE02068022886

:10AB700007D3F6F7F6F8824A0146343A81A001F08D

:10AB8000FBF88B4800F070FF0120F8BD020010B503

:10AB90007A480C46006812D0012A1CD0022A27D01D

:10ABA000022807D3F6F7DDF8754A01464D3A75A03D

:10ABB00001F0E2F87E4800F057FF012010BD0428A4

:10ABC00006D3F6F7CEF801462288E44801F0D4F81F

:10ABD0002178012009E0042805D3F6F7C2F80146E0

:10ABE000DFA001F0C9F800210220FEF760FCE1E7D8

:10ABF000042805D3F6F7B5F80146E5A001F0BCF846

:10AC000000210C20F1E710B5ED4909688C68002C93

:10AC100017D0030001F0DCF807150505090D151123

:10AC2000150000231A4619460AE000231A46E54992

:10AC300006E000231A46E44902E000231A46E349ED

:10AC4000A04710BD10B504464C480068042806D340

:10AC5000F6F787F801462246DDA001F08DF80220C4

:10AC6000FFF7D1FF012010BD020010B543480C468C

:10AC7000006813D0092A1DD0022807D3F6F771F80F

:10AC80003F4A0146193A3FA001F076F80220FFF74B

:10AC9000BAFF474800F0E8FE012010BD042806D3A3

:10ACA000F6F75FF801462288424801F065F82178FE

:10ACB000092009E0042805D3F6F753F8014649A016

:10ACC00001F05AF800210A20FEF7F1FBDEE731B56A

:10ACD000BB4800688468002C04D004236A46C64937

:10ACE0000520A04738BD7FB5B54E0D463168C9680F

:10ACF000002921D001462A46684604F081F96C46B5

:10AD0000A01CFBF7C2FE002811D001206946487044

:10AD10001A480068052805D3F6F723F80146B7A0BE

:10AD200001F02AF80E22A11C0520F5F799FF3068E2

:10AD30002946C368684698477FBD1FB510486C46D2

:10AD40005138024674300BC87432D26803920BC477

:10AD5000F8F7E4FB9A490860016800290DD0B24871

:10AD6000884710216846FFF7BEFF044800680528A1

:10AD700003D3F5F7F6FF014658E15AE13C00002005

:10AD800041C700001B5B313B33316D5B25735D2098

:10AD9000287461736B5F667029205B25735D206E7C

:10ADA0006F742064656661756C740D0A00000000A4

:10ADB0001027000088CD00001B5B313B33326D5BF8

:10ADC00025735D20287461736B5F6670292046507F

:10ADD0005F4556454E545F494E56414C49445F4687

:10ADE000500D0A001B5B313B33326D5B25735D20D8

:10ADF000287461736B5F6670292046505F45564525

:10AE00004E545F4641494C5F44454C4554450D0AFC

:10AE1000000000001B5B313B33326D5B25735D200E

:10AE2000287461736B5F667029207265676973743B

:10AE30006572206576656E745B25755D0D0A000090

:10AE40001B5B313B33326D5B25735D20287461736E

:10AE50006B5F66702920736176652066696E676531

:10AE600072206D6F64756C65206368697020736E05

:10AE70000D0A00001B5B313B33326D5B25735D2097

:10AE8000287461736B5F6670292046505F45564594

:10AE90004E545F494E56414C49445F5245504541DE

:10AEA000540D0A001B5B313B33326D5B25735D2013

:10AEB000287461736B5F6670292046505F45564564

:10AEC0004E545F4641494C5F434F4D42494E450DFC

:10AED0000A0000001B5B313B33326D5B25735D2044

:10AEE000287461736B5F6670292046505F45564534

:10AEF0004E545F4641494C5F46554C4C0D0A00008C

:10AF00001B5B313B33326D5B25735D2028746173AD

:10AF10006B5F6670292046505F4556454E545F462C

:10AF200041494C5F524541445F534E0D0A000000B9

:10AF30001B5B313B33326D5B25735D20287461737D

:10AF40006B5F6670292046505F4556454E545F46FC

:10AF500041494C5F53544F52450D0A0044CD000007

:10AF60001B5B313B33326D5B25735D20287461734D

:10AF70006B5F6670292046505F4556454E545F56BC

:10AF800045524946595F4641494C0D0A00000000B0

:10AF90001B5B313B33326D5B25735D20287461731D

:10AFA0006B5F6670292046505F4556454E545F4999

:10AFB0004E56414C49445F4D4F44554C450D0A0097

:10AFC000E80000208DAB0000B1AA000039AA000003

:10AFD0001B5B313B33326D5B25735D2028746173DD

:10AFE0006B5F66702920696E6974206576656E7482

:10AFF0005B25755D0D0A000069AC00001B5B313BF1

:10B0000033376D5B25735D20287461736B5F6670E9

:10B0100029207265616420667020636869702073FE

:10B020006E2D3E0D0A00000045AC00000EA000F0A1

:10B03000A3FE1FBD144800684068002800D00047E8

:10B04000704710B5104800680069002803D0804799

:10B05000002800D0022010BD0B480068406900287D

:10B0600000D00047704700001B5B313B33376D5BFE

:10B0700025735D20287461736B5F66702920696E8B

:10B0800069740D0A00000000E800002010B50028D7

:10B0900001D1FBF765FC10BD10B5F8F743FA044980

:10B0A00008600168002901D00248884710BD0000EF

:10B0B000F00000208DB0000010B50C46010044489F

:10B0C000424A00681FD001290BD0022908D1052867

:10B0D00006D3F5F746FE014622463EA000F04CFEA0

:10B0E00010BD51790129FBD1052806D3F5F739FEAA

:10B0F0000146224645A000F03FFE002CF0D1012081

:10B10000FEF7F0F910BD11790129FBD1052806D30E

:10B11000F5F727FE014622464AA000F02DFE002149

:10B12000012000F01DFB21460120FEF7B7F9204663

:10B1300000F005F9002803D02146042000F0DBF8D8

:10B140004A4800F091FC10BD204909688968084709

:10B150001E480068C06800471C4A1318197112681D

:10B1600052691047194909680968084710B5184C11

:10B170002068052806D3F5F7F4FD01463C4A3DA0BA

:10B1800000F0FAFD4348F8F7D1F9104900280860AB

:10B190000ED00020FFF7E6FF01210020FFF7DCFFC3

:10B1A0000120FFF7DFFF01210846FFF7D5FF10BDA3

:10B1B00020680228FBD3F5F7D4FD014636A000F045

:10B1C000DBFD10BD0148006840680047F800002022

:10B1D0003C0000201B5B313B33376D5B25735D20EA

:10B1E000287461736B5F6B657929204B45595F54F7

:10B1F0005950455F4C4F4E475F52454C4541534572

:10B20000206576656E743D25640D0A001B5B313B3D

:10B2100033376D5B25735D20287461736B5F6B65DD

:10B220007929204B45595F545950455F54414D5041

:10B2300045525F4B4559206576656E743D25640D1A

:10B240000A0000001B5B313B33376D5B25735D20CB

:10B25000287461736B5F6B657929206B65795F7604

:10B26000616C7565203D2025640D0A0010270000E3

:10B2700084C700001B5B313B33376D5B25735D205A

:10B28000287461736B5F6B657929205B25735D0D95

:10B290000A000000B9B000001B5B313B33316D5B2D

:10B2A00025735D20287461736B5F6B657929204578

:10B2B00072723A206B6579206472697665722069D2

:10B2C00073206E756C6C0D0A00000000704770B53D

:10B2D000284C0025256028486560F8F72FF9206084

:10B2E000002806D00068002803D080470120207184

:10B2F00070BD257170BD1F4A1379002B06D01268EE

:10B30000002A03D05269002A00D01047704719481C

:10B310000179002906D00068002803D04068002881

:10B3200000D00047704713480179002906D0006813

:10B33000002803D00068002800D0004770470D495E

:10B340000A79002A07D00968002904D00A69002A6E

:10B3500001D00021104700207047064801790029DC

:10B3600006D00068002803D08069002800D000477C

:10B370007047000000010020CDB2000070B57C4D88

:10B3800004462868052808D3F5F7EBFC0146607AE7

:10B390000207120F77A000F0EFFC607A611C020731

:10B3A000120F0520F5F75CFC607AC009207827D0E1

:10B3B00002280CD00328286815D0022806D3F5F7F8

:10B3C000D0FC0146764A77A000F0D6FC70BD286814

:10B3D000042805D3F5F7C5FC01467DA000F0CCFCA0

:10B3E000611C012009E0042805D3F5F7BAFC0146E9

:10B3F00081A000F0C1FC611C0320FEF76AF870BD5B

:10B4000002281DD00328286826D0022806D3F5F785

:10B41000A8FC0146624A63A000F0AEFCA07AC00717

:10B4200004D030220520E168F5F71AFC28680528C9

:10B43000E5D3F5F796FC01467AA000F09DFC70BDBF

:10B440002868042805D3F5F78CFC014682A000F09B

:10B4500093FC611C022009E0042805D3F5F781FC68

:10B46000014687A000F088FC611C0420FEF731F83B

:10B47000D4E770B58C4D04462868C068002839D0E0

:10B480003B480068052806D3F5F76BFC01462246C9

:10B4900086A000F071FC28796107C008C000490F40

:10B4A0000843F7210840287100226A71AA710F220F

:10B4B000230000F08DFC06170404090F1117084043

:10B4C0002871AA7102240EE0082108432871AA718C

:10B4D000042408E0082406E00720052468710220FF

:10B4E000A87100E00124281D00F030F82868C16828

:10B4F0002046884770BD10B51D480068052805D353

:10B50000F5F72FFC014673A000F036FC7948F8F7F8

:10B510001DF8654C2060006800280FD00321201D15

:10B5200000F069FB20680168201D8847002805D0CD

:10B53000012000F013F80320FFF79BFF10BD5A48CD

:10B5400000688068002800D00047704756480168AE

:10B550004968002901D0001D084770475249CF2390

:10B560000A7980071A40800E02430A71081DEDE730

:10B570003C0000201B5B313B33376D5B25735D2046

:10B58000287461736B5F6E666329206576656E74DF

:10B590003A2073697A655B25755D0D0A000000002D

:10B5A00097C700001B5B313B33316D5B25735D201A

:10B5B000287461736B5F6E666329205B25735D2061

:10B5C0006E6F742064656661756C740D0A0000000E

:10B5D0001B5B313B33326D5B25735D2028746173D7

:10B5E0006B5F6E6663292076657269667920737574

:10B5F00063636573730D0A001B5B313B33326D5B14

:10B6000025735D20287461736B5F6E6663292072F9

:10B610006567697374657220737563636573730D11

:10B620000A0000001B5B313B33376D5B25735D20E7

:10B63000287461736B5F6E666329204661696C3A9A

:10B6400020546865206361726420697320696E7696

:10B65000616C69640D0A00001B5B313B33326D5B2A

:10B6600025735D20287461736B5F6E666329207695

:10B670006572696679206661696C0D0A00000000D8

:10B680001B5B313B33326D5B25735D202874617326

:10B690006B5F6E66632920726567697374657220DB

:10B6A0006661696C0D0A0000080100201B5B313BDC

:10B6B00033376D5B25735D20287461736B5F6E6635

:10B6C0006329207365742073746174655B25755DEF

:10B6D0000D0A00001B5B313B33376D5B25735D202A

:10B6E000287461736B5F6E66632920496E69740DFF

:10B6F0000A0000007DB3000010B5FDF7D7FF10BDB4

:10B7000010B5F7F72BFF05490028086001D0006845

:10B71000804710BD014800684068004710010020C4

:10B7200038B5044624480D460068052808D3F5F7C7

:10B7300018FB01462346214A21A0009500F01CFB7E

:10B74000002C09D0012C07D0022C06D0032C03D1E9

:10B7500029460120FDF7B4FE38BD29460220F9E74D

:10B76000254A117112681269104710B52348F7F77E

:10B77000F9FE214C002820600BD00068804720682B

:10B7800081680220884720680121026908469047A5

:10B7900010BD094800680228FAD3F5F7E2FA01461D

:10B7A00017A000F0E9FA10BD134909688969084734

:10B7B00011480068406800473C000020A9C700000D

:10B7C0001B5B313B33376D5B25735D2028746173E0

:10B7D0006B5F726164617229205B25735D20657601

:10B7E000656E745B25645D202076616C75655B25F4

:10B7F000645D0D0A000000001401002021B7000064

:10B800001B5B313B33316D5B25735D2028746173A5

:10B810006B5F726164617229204572723A207261B5

:10B8200064617220647269766572206973206E7536

:10B830006C6C0D0A0000000010B5002802D000F06A

:10B840005DF810BD00F034F810BD10B54148006837

:10B85000052806D3F5F785FA01463FA240A000F07F

:10B860008BFA49490120087110BD10B539480068AC

:10B87000052805D3F5F775FA014644A000F07CFAD7

:10B880004A48F7F777FE404C0028206003D0006854

:10B8900080470020207110BD3B490868002806D071

:10B8A0000A79002A03D000220A71406800477047D5

:10B8B00010B5284C2068052806D3F5F752FA014642

:10B8C0003BA23DA000F058FA0020FFF73DFC002805

:10B8D00013D0FFF71CFD00F031F92068052805D3CF

:10B8E000F5F73FFA01463EA000F046FA002000F0CE

:10B8F000DDF825490020C880012010BD10B5FFF7F4

:10B9000027FC214CE1880843E080FFF79AFBE1889F

:10B910000843E080FAF748FBE1880843E08018D04C

:10B92000F5F718FA012000F0C1F800F0FFF8FFF772

:10B93000FAFC02210A20F7F775FE06480068052880

:10B9400006D3F5F70EFA01462FA231A000F014FA43

:10B95000012010BD3C000020466C61670000000023

:10B960001B5B313B33376D5B25735D20287461733E

:10B970006B5F736C6565702920536C6565705B2522

:10B98000735D0D0A000000001C0100201B5B313BB1

:10B9900033376D5B25735D20287461736B5F736C47

:10B9A0006565702920496E69740D0A0039B8000078

:10B9B000456E7465720000001B5B313B33376D5B75

:10B9C00025735D20287461736B5F736C65657029E6

:10B9D000206576656E745B25735D0D0A00000000BE

:10B9E0001B5B313B33376D5B25735D2028746173BE

:10B9F0006B5F736C6565702920456E7465722053AA

:10BA00006C6565700D0A00004578697400000000DF

:10BA10001B5B313B33376D5B25735D20287461738D

:10BA20006B5F736C6565702920536C6565705B2571

:10BA3000735D0D0A0000000010B5002802D0012837

:10BA40000DD00FE0002902D001290BD102E0002126

:10BA5000042001E000210520F7F7E4FD02E00020CA

:10BA6000FFF7A2FE012010BD1249024609688B684B

:10BA70000021084618470F49024609688B680121D2

:10BA80000020184710B50C48F7F77CFD094C00283A

:10BA9000206006D0016800208847206801680120E6

:10BAA000884710BD0348006840680047014909689D

:10BAB000C96808472401002039BA000010B50028E1

:10BAC00005D1002903D104210A20F7F7ABFD10BDF1

:10BAD00010B52248F7F75EFD214C0028206004D005

:10BAE000006880470120207110BD1E4800680228B0

:10BAF000FAD3F5F736F901461B4A1CA000F03CF9D1

:10BB000010BD30B4164C2579002D04D0246864682B

:10BB1000A44630BC604730BC7047114A1379002BF3

:10BB200002D0126892681047002070470C480179D3

:10BB3000002902D000680068004770470848017972

:10BB4000002902D000680069004770470448017965

:10BB5000002902D00068C06800477047BDBA0000E5

:10BB60002C0100203C000020BDC700001B5B313BC6

:10BB700033316D5B25735D20287461736B5F756174

:10BB8000727429205B25735D204572723A7561726B

:10BB90007420647269766572206973206E756C6CAE

:10BBA0000D0A000010B5F4F7FEFD024802490160DD

:10BBB00010BD70470CED00E00400FA0530B50B46EF

:10BBC000014600202022012409E00D46D5409D4277

:10BBD00005D31D469540491B2546954040191546FD

:10BBE000521E002DF1DC30BDD2B201E00270401CCB

:10BBF000491EFBD270470022F6E710B513460A46ED

:10BC000004461946FFF7F0FF204610BD0321001D32

:10BC1000401E037812021A43491EF9D51046704798

:10BC2000034603220870000A491C521EFAD5184622

:10BC30007047410040020122400AD205090E8018D7

:10BC40007F2901DA00207047962903DC9622511AD9

:10BC5000C8407047963988407047F0B51FB4064613

:10BC6000002082B005464024019100901BE001991C

:10BC700022460F46304600F020F8049A059B801AB1

:10BC8000994110D310461946224600F039F8361A69

:10BC90008F410197224601200021009F00F030F8DB

:10BCA00038184D4100902046641E0028DFDC019BBF

:10BCB00000982946324607B0F0BD10B5202A04DBB3

:10BCC0000846203AD040002110BD0B46D340D0405A

:10BCD0002024A21A91400843194610BD064C0125A4

:10BCE000064E05E0E36807CC2B430C3C9847103424

:10BCF000B442F7D3F4F7E8F9CCCD0000ECCD000066

:10BD000010B5202A04DB0146203A9140002010BDE6

:10BD1000914020239C1A0346E3401943904010BDF4

:10BD200070B58C180578401C6B075B0F01D1037848

:10BD3000401C2A1106D10278401C03E006780E70E0

:10BD4000401C491C5B1EF9D12B0705D40023521E51

:10BD50000DD40B70491CFAE70378401CCB1A921CD7

:10BD600003E01D780D70491C5B1C521EF9D5A142E1

:10BD7000D8D3002070BD00000FB410B503A9044B48

:10BD8000044A029800F040F810BC08BC04B0184700

:10BD9000C1060000340100200FB47CB50C0009ADD1

:10BDA00001D0611E00E0002101910090074B6A461E

:10BDB0002946089800F028F8002C02D0009A0021AB

:10BDC00011707CBC08BC04B0184700007DC20000A4

:10BDD00030B47446641E2578641CAB4200D21D4604

:10BDE000635D5B00E31830BC184702E008C8121F0F

:10BDF00008C1002AFAD170477047002001E001C154

:10BE0000121F002AFBD17047FFB591B00F460546BF

:10BE1000002606E025280AD0149A139990476D1C35

:10BE2000761C28780028F5D1304615B0F0BD0024E6

:10BE300000940121F34A029400E004436D1C2B7826

:10BE40000846203B98401042F7D128782A280ED087

:10BE50000222287801463039092915D800990A2389

:10BE600059433039401814436D1C0090F1E701CF5D

:10BE70000090002805DA0120400304430098404266

:10BE80000090022004436D1C28782E2815D1042030

:10BE9000044368786D1C2A280AD101CF6D1C0290DA

:10BEA0000BE002990A225143303940186D1C029070

:10BEB0002878014630390929F3D928786C2810D020

:10BEC00006DC4C281AD068280ED06A2817D104E066

:10BED000742813D07A2812D110E0012040050443C1

:10BEE0000CE00121090501E0032109050C436978F3

:10BEF000814203D10120000524186D1C6D1C287897

:10BF00006E281ED00CDC632831D004DC00288BD0D6

:10BF1000582811D1B2E064287BD069280CD178E090

:10BF200073282DD004DC6F2870D0702804D1A7E0CE

:10BF300075286CD078286BD0149A13999047761C8A

:10BF400062E06002400F022807D003280AD00428CC

:10BF500038680AD006603F1D56E03868F117066061

:10BF60004160F8E738680680F5E70670F3E738784F

:10BF7000694608740020487404A80390012003E077

:10BF8000386803900020C0433F1D61070FD5002192

:10BF900001E00199491C029A0191914213DA814210

:10BFA000F7DB019A0399895C0029F2D10BE00021AB

:10BFB00001E00199491C01918142FADB019A039940

:10BFC000895C0029F5D101990098139A401A0090D4

:10BFD0002146149B00F03CF901998019461807E0AE

:10BFE000039803990078491C0391149A1399904778

:10BFF0000198401E0190401CF2D12146149B139AD7

:10C00000009800F015F986196D1C0AE741E033E04D

:10C0100034E00A200021049005916002410F0229BA

:10C0200005D001CFC2179446032905D007E0FF1DB4

:10C03000FF08FF0003CF06E000B2C21794460429B0

:10C0400002D140B2C1178C4600226146944506DAFF

:10C050000A460021404291418C462D2102E02105F3

:10C0600004D52B216A461176012103E0E10701D0B6

:10C070002021F7E7019155E00A200BE0102009E0AC

:10C080001020049000210420044308200591029010

:10C0900003E008200021059104906002410F02296D

:10C0A00005D001CF00229446032906D006E0FF1DEB

:10C0B000FF08FF0003CF8C4603E080B2042900D1C3

:10C0C000C0B20021019121072CD529780391702954

:10C0D00006D0049A1021059B4A401A4305D00EE071

:10C0E00040216A461176012108E06146014306D0ED

:10C0F00030216A4611760399517602210191049A02

:10C100000821059B4A401A430CD16146014301D1E5

:10C11000610707D530216A46117601210191029904

:10C12000491E02912978582904D037A103910FA9FB

:10C130000F910DE039A1F9E76146059B049AFFF7DD

:10C140008CFD039B8C469B5C0F9A521E0F921370C2

:10C1500061460143F0D10F9807A9081A20300390D7

:10C16000600704D5012000048443029801E0012007

:10C1700002900399884201DD401A00E00020411836

:10C180000290019809180098401A0090E00306D424

:10C190002146149B139A009800F05AF88619002043

:10C1A000049008E006A9085C149A13999047049833

:10C1B000401C761C049001998842F3DBE0030CD507

:10C1C0002146149B139A009800F042F8861904E067

:10C1D000149A302013999047761C0299481E0290B9

:10C1E0000029F5DC08E00F980F990078491C0F91A1

:10C1F000149A13999047761C0399481E03900029BE

:10C20000F1DCFAE6092801003031323334353637B3

:10C210003839616263646566000000003031323392

:10C220003435363738394142434445460000000032

:10C23000F8B5044600251E461746880404D405E0D8

:10C2400039462020B0476D1C641EF9D52846F8BD3C

:10C25000FFB50446002581B01E46C80301D530272E

:10C2600000E02027880404D505E038460399B0474C

:10C270006D1C641EF9D5284605B0F0BD4A68002A39

:10C2800006D00A68531C0B6010704868401E486056

:10C2900070470000AD004D61696E4C6F6F700064B7

:10C2A00065766963655F696E6974007461736B5F5D

:10C2B000696E6974006170705F696E697400000274

:10C2C00040004000619100007F9100008D910000CE

:10C2D000A1910000E3910000018F0000498F000050

:10C2E0006D8F0000C98F00001F8F0000F18F0000CC

:10C2F000E38F0000836700000000000000000000E2

:10C30000000000000000000000000000576700006F

:10C3100039670000796700006F67000000000000C7

:10C3200000000000D7390000AB3A00005B3A000083

:10C33000913A0000793A0000753900008F3A000008

:10C34000CD3A0000033F0000933F0000F73E00009D

:10C35000FD3E000067410000234200005B430000F7

:10C36000758300004783000053850000D9820000D8

:10C3700023850000A5350000C335000003930000AD

:10C380007D930000339300006F930000159300002D

:10C390005B93000067930000716000000F60000075

:10C3A000075F0000A95F00006D5F0000455F0000AF

:10C3B000955F00005D5F0000DF5F0000818C000082

:10C3C000998C0000F98C0000378D00006D8C000006

:10C3D000000000000000000000010000000000005C

:10C3E0000000020000000000000000030000000048

:10C3F00000000000020000100020004000082000A3

:10C400001000000408000400000201000000000009

:10C4100000000000000202060B0E2F1E3F3E3F7E72

:10C420009004920016000E004C004802400A010AD7

:10C43000010C810465663661303232396464343906

:10C44000303962370000000000007A44000000002C

:10C45000EB5E00000000000000007A4400000000D5

:10C46000EB5E00000B010B0014021900140019010F

:10C47000FF000A000700040001000200030006009C

:10C480000500080009000B0000000C0079640000A2

:10C490008764000095640000210C00005B000564C7

:10C4A0000200000010101400190166024002410150

:10C4B00042014300440245034600470213050A3087

:10C4C000746F7563685F696E697400003967000096

:10C4D000796700006F67000000EA000000EC0000D0

:10C4E0000100000000000000050000000100000045

:10C4F00000000000010000000100000015730000B2

:10C50000717300007F7300008D7300009B73000047

:10C51000FA143572C9A3FFFFFFFFFFFF1B8A00005B

:10C52000298A0000378A0000210C000028000564D9

:10C5300002000000030103000001017561727445EF

:10C5400076656E7452656769737465725F63616C5A

:10C550006C6261636B00756172745F706F6C6C5FAD

:10C56000747800000301030000C201000000000015

:10C57000006D6F64756C655F756172745F71756570

:10C5800075655F7075740000020102000202000010

:10C59000FD8F000059900000DB900000F990000032

:10C5A0001F8F0000340000000201020000E10000C3

:10C5B00002DD8E00000000000003020B01020000FB

:10C5C000FD9100004392000099920000B792000094

:10C5D000340000000003020B00C20100013D910085

:10C5E00000756172745F70726F746F636F6C5F72ED

:10C5F0006563656976655F68616E646C6500756129

:10C6000072745F68616E646C65725F55505F434D14

:10C61000445F4155544800756172745F68616E648F

:10C620006C65725F55505F434D445F4C4F434B5FA9

:10C6300043544C00756172745F68616E646C65721E

:10C640005F55505F434D445F4F54415F52455155D4

:10C6500045535400FFFF0000000001007561727433

:10C660005F68616E646C65725F55505F434D445FF7

:10C67000574F524B5F4D4F444500666163655F768F

:10C6800065726966795F6576656E745F63616C6C0F

:10C690006261636B00666163655F7265676973748D

:10C6A00065725F6576656E745F63616C6C62616311

:10C6B0006B00666163655F64656C6574655F657674

:10C6C000656E745F63616C6C6261636B006661636D

:10C6D000655F7665726966795F64656C6574655FD0

:10C6E0006576656E745F63616C6C6261636B00009C

:10C6F00000000A0066705F7665726966795F65762C

:10C70000656E745F63616C6C6261636B0066705F21

:10C7100072656769737465725F6576656E745F6371

:10C72000616C6C6261636B0066705F64656C6574FC

:10C73000655F6576656E745F63616C6C6261636B87

:10C740000066705F7665726966795F64656C6574B2

:10C75000655F6576656E745F63616C6C6261636B67

:10C7600000000000C6000000000000000000000003

:10C7700000000000060000000000000000000000B3

:10C78000000000006B65795461736B506F776572C0

:10C790004F6E496E6974006E66635F7461736B5FA0

:10C7A00063616C6C6261636B0072616461725F747F

:10C7B00061736B5F63616C6C6261636B0075617266

:10C7C000745461736B496E69740000001B5B313BEC

:10C7D00033376D5B25735D20286974656D5F636F0A

:10C7E0006E6669672920636C69656E745F70726F2D

:10C7F0006A6563743A20253035752C206F75747323

:10C800006964655F76657273696F6E3A2056302E83

:10C81000253032750D0A00001B5B313B33336D5BF5

:10C8200025735D2028756172745F71756575652962

:10C8300020727820707574207761726E3A2071755D

:10C840006575652066756C6C202877616E743A2575

:10C85000642C2061637475616C3A2564290D0A00AB

:10C860001B5B313B33336D5B25735D202875617233

:10C87000745F7175657565292070757420776172B4

:10C880006E3A2025732071756575652066756C6C30

:10C89000202877616E743A25642C20616374756179

:10C8A0006C3A2564290D0A001B5B313B33316D5B0B

:10C8B00025735D2028756172745F717565756529D2

:10C8C000206765745F62756C6B206572726F723A77

:10C8D00020696E76616C696420706172616D2028D8

:10C8E0007074723A25702C206C656E3A2564290D9F

:10C8F0000A0000001B5B313B33316D5B25735D200B

:10C9000028756172745F717565756529207278206C

:10C910006765745F62756C6B206572726F723A2026

:10C92000696E76616C696420706172616D20287037

:10C9300074723A25702C206C656E3A2564290D0AB4

:10C94000000000001B5B313B33316D5B25735D20C4

:10C9500028756172745F71756575652920707574CD

:10C96000206572726F723A20696E76616C6964201C

:10C97000706172616D20287074723A25702C206C81

:10C98000656E3A2564290D0A000000001B5B313BEF

:10C9900033336D5B25735D202872616461725F645F

:10C9A00072697665722920577269746520726567AD

:10C9B00020706172616D206572726F723A206164DD

:10C9C00064725B253032585D2C206C656E5B25648B

:10C9D0005D0D0A001B5B313B33376D5B25735D20BA

:10C9E0002872616461725F6472697665722920578A

:10C9F0007269746520726567206661696C3A2061AE

:10CA00006464725B253032585D2C206C656E5B254A

:10CA1000645D2C20636F64655B25755D0D0A000005

:10CA20001B5B313B33336D5B25735D20286D6F6479

:10CA3000756C655F7561727429205541525420727E

:10CA4000657472792025642074696D657320286D82

:10CA500061783D25642920636D64203D2030782570

:10CA60003032580D0A0000001B5B313B33316D5BE7

:10CA700025735D2028756172745F70726F746F63C7

:10CA80006F6C29205B25735D2043524320636865EA

:10CA9000636B206661696C6564212063616C633D32

:10CAA0003078253034582C20726563763D307825F7

:10CAB0003034580D0A0000001B5B313B33316D5B95

:10CAC00025735D2028756172745F70726F746F6377

:10CAD0006F6C29205B25735D20696E76616C6964DB

:10CAE00020706172616D3A20646174613D25702C23

:10CAF000206C656E3D25640D0A0000001B5B313B18

:10CB000033336D5B25735D2028756172745F7072BD

:10CB10006F746F636F6C29205B756172742072781B

:10CB20005D6C656E3D2564203C20382C20736B695C

:10CB30007020636D64207072696E740D0A000000CD

:10CB40001B5B313B33376D5B25735D20287561724C

:10CB5000745F70726F746F636F6C5F6C6967687419

:10CB60005F63746C2920747970655B253032585D81

:10CB700020736F757263655B253032585D20636F7B

:10CB800064655B253032585D200D0A001B5B313B2C

:10CB900033326D5B25735D2028756172745F70722E

:10CBA0006F746F636F6C5F6C6F636B5F63746C2922

:10CBB000205B25735D202055505F434D445F4C4FF3

:10CBC000434B5F43544C2072656365697665640D21

:10CBD0000A0000001B5B313B33326D5B25735D2027

:10CBE00028756172745F70726F746F636F6C5F6FC2

:10CBF00074615F7265717565737429205B25735D5F

:10CC0000202055505F434D445F4F54415F52455182

:10CC1000554553542072656365697665640D0A0055

:10CC20001B5B313B33376D5B25735D202875705F6F

:10CC3000776F726B5F6D6F6465292063617264202A

:10CC400049442064656C657465206D6F6465202CB3

:10CC500064656C5F6964203D203078253034580D60

:10CC60000A0000001B5B313B33376D5B25735D2091

:10CC70002875705F776F726B5F6D6F6465292066D2

:10CC80006163652049442064656C657465206D6F3F

:10CC90006465202C64656C5F6964203D20307825D4

:10CCA0003034580D0A0000001B5B313B33376D5B9D

:10CCB00025735D202875705F776F726B5F6D6F6491

:10CCC000652920574F524B5F4D4F44455B25645DAE

:10CCD0003A207372633D3078253032582C20636FD0

:10CCE00064653D3078253032582C20646174613D94

:10CCF0003078253034580D0A000000001B5B313BB2

:10CD000033316D5B25735D202875705F776F726BB3

:10CD10005F6D6F64652920574F524B5F4D4F4445FF

:10CD20003A206C656E28256429206E6F74206D6131

:10CD30007463682067726F75702073697A650D0A75

:10CD4000000000001B5B313B33326D5B25735D20BF

:10CD5000287461736B5F6670292046505F455645A5

:10CD60004E545F535543434553535F48414E444CE3

:10CD7000452020206164645F66696E6765725F6943

:10CD8000642025640D0A00001B5B313B33326D5B70

:10CD900025735D20287461736B5F6670292046508F

:10CDA0005F4556454E545F535543434553535F4883

:10CDB000414E444C4520202064656C5F66696E6777

:10CDC00065725F69642025640D0A0000ECCD0000E7

:10CDD000000000203801000020BD000010CE00003F

:10CDE00038010020F0130000FABD00001104296C86

:10CDF000DC021280C240021B051368011420680384

:10CE00001B20A8040118BA0F01B102A2FF00000004

:10EFF0000684EFBE0100000010CE00001C83EA73FF

:00000001FF

